Workbook
Name C0: aux!$B$23
Name Co: aux!$B$23
Name Co_BPCS: #REF!
Name Co_STAT: #REF!
Name fg: [1]Data_AC!$B$2
Name G: [1]Data_DC!$B$2
Name Gref: [1]Data_DC!$D$2
Name I_set: Capability!$D$33
Name Ii: Capability!$B$21
Name Ii_r: aux!$B$1
Name ImaxVdc: aux!$B$2
Name Iset: Capability!$D$33
Name K_1: aux!$B$26
Name K_2: aux!$B$27
Name K_3: aux!$B$28
Name K_4: aux!$B$29
Name Li: aux!$B$22
Name Li_BPCS: [1]Data_AC!$N$3
Name Li_STAT: [1]Data_AC!$R$3
Name Lo: aux!$B$24
Name Lo_BPCS: [1]Data_AC!$N$4
Name Lo_STAT: [1]Data_AC!$R$4
Name Nm: Capability!$B$4
Name Vac_to_Vdc: 1.43
Name Vdc_offset: 10
Name Vi: Capability!$B$20
Name Vo: Capability!$B$3
Name Vo_1: Capability!$B$3
Name wg: Capability!$D$5

Sheet Datasheet
A1: DC Input | B1: =CONCATENATE("1MWD3-V",Capability!$B$1) -> 1MWD3-V620 | D1: =CONCATENATE("2MWD3-V",Capability!$B$1) -> 2MWD3-V620 | F1: =CONCATENATE("3MWD3-V",Capability!$B$1) -> 3MWD3-V620 | M1: DC Input | N1: =CONCATENATE("1MWD3-V",Capability!$B$1) -> 1MWD3-V620 | Q1: DC Input | R1: =CONCATENATE("2MWD3-V",Capability!$B$1) -> 2MWD3-V620 | U1: DC Input | V1: =CONCATENATE("3MWD3-V",Capability!$B$1) -> 3MWD3-V620
B2: =CONCATENATE(B28,"WD3-HV",Capability!$B$1) -> 1258WD3-HV620 | D2: =CONCATENATE(D28,"WD3-HV",Capability!$B$1) -> 2517WD3-HV620 | F2: =CONCATENATE(F28,"WD3-HV",Capability!$B$1) -> 3775WD3-HV620 | N2: =CONCATENATE(N28,"WD3-HV",Capability!$B$1) -> 1258WD3-HV620 | R2: =CONCATENATE(R28,"WD3-HV",Capability!$B$1) -> 2517WD3-HV620 | V2: =F2 -> 3775WD3-HV620
B3: min | C3: max | D3: min | E3: max | F3: min | G3: max | N3: min | O3: max | R3: min | S3: max | V3: min | W3: max
A4: MPP Voltage range for PV [Vdc] | B4: =ROUNDUP(Capability!$B$1*Vac_to_Vdc+Vdc_offset*IF(Vo>500,IF(Vo>600,0,0.4),1),0) -> 887 | C4: 1500 | D4: =ROUNDUP(Capability!$B$1*Vac_to_Vdc+Vdc_offset*IF(Vo>500,IF(Vo>600,0,0.4),1),0) -> 887 | E4: 1500 | F4: =ROUNDUP(Capability!$B$1*Vac_to_Vdc+Vdc_offset*IF(Vo>500,IF(Vo>600,0,0.4),1),0) -> 887 | G4: 1500 | M4: MPP Voltage range for PV [Vdc] | N4: =ROUNDUP(Capability!$B$1*Vac_to_Vdc+Vdc_offset*IF(Vo>500,IF(Vo>600,0,0.4),1),0) -> 887 | O4: 1500 | Q4: MPP Voltage range for PV [Vdc] | R4: =ROUNDUP(Capability!$B$1*Vac_to_Vdc+Vdc_offset*IF(Vo>500,IF(Vo>600,0,0.4),1),0) -> 887 | S4: 1500 | U4: MPP Voltage range for PV [Vdc] | V4: =ROUNDUP(Capability!$B$1*Vac_to_Vdc+Vdc_offset*IF(Vo>500,IF(Vo>600,0,0.4),1),0) -> 887 | W4: 1500
A5: SOC Voltage range for BPCS [Vdc] | M5: SOC Voltage range for BPCS [Vdc] | Q5: SOC Voltage range for BPCS [Vdc] | U5: SOC Voltage range for BPCS [Vdc]
A6: MPP Voltage range @ full power [Vdc] (1) | B6: =ROUNDUP(Capability!$B$1*Vac_to_Vdc+Vdc_offset*IF(Vo>500,IF(Vo>600,0,0.4),1),0) -> 887 | C6: 1250 | D6: =ROUNDUP(Capability!$B$1*Vac_to_Vdc+Vdc_offset*IF(Vo>500,IF(Vo>600,0,0.4),1),0) -> 887 | E6: 1250 | F6: =ROUNDUP(Capability!$B$1*Vac_to_Vdc+Vdc_offset*IF(Vo>500,IF(Vo>600,0,0.4),1),0) -> 887 | G6: 1250 | M6: MPP Voltage range @ full power [Vdc] (1) | N6: =ROUNDUP(Capability!$B$1*Vac_to_Vdc+Vdc_offset*IF(Vo>500,IF(Vo>600,0,0.4),1),0) -> 887 | O6: 1250 | Q6: MPP Voltage range @ full power [Vdc] (1) | R6: =ROUNDUP(Capability!$B$1*Vac_to_Vdc+Vdc_offset*IF(Vo>500,IF(Vo>600,0,0.4),1),0) -> 887 | S6: 1250 | U6: MPP Voltage range @ full power [Vdc] (1) | V6: =ROUNDUP(Capability!$B$1*Vac_to_Vdc+Vdc_offset*IF(Vo>500,IF(Vo>600,0,0.4),1),0) -> 887 | W6: 1250
A7: SOC Voltage range @ full power [Vdc] (1) | M7: SOC Voltage range @ full power [Vdc] (1) | Q7: SOC Voltage range @ full power [Vdc] (1) | U7: SOC Voltage range @ full power [Vdc] (1)
A8: Max. DC voltage [Vdc] | B8: 1500 | D8: 1500 | F8: 1500 | M8: Max. DC voltage [Vdc] | N8: 1500 | Q8: Max. DC voltage [Vdc] | R8: 1500 | U8: Max. DC voltage [Vdc] | V8: 1500
A9: Rated input current at Vdc_min [A] @35ºC | B9: 1600 | D9: =B9*2 -> 3200 | F9: =B9*3 -> 4800 | M9: Rated input current at Vdc_min [A] @35ºC | N9: 1600 | Q9: Rated input current at Vdc_min [A] @35ºC | R9: =D9 -> 3200 | U9: Rated input current at Vdc_min [A] @35ºC | V9: =F9 -> 4800
A10: Rated input current at Vdc_min [A] @50ºC | B10: 1440 | D10: =B10*2 -> 2880 | F10: =B10*3 -> 4320 | M10: Rated input current at Vdc_min [A] @50ºC | N10: 1440 | Q10: Rated input current at Vdc_min [A] @50ºC | R10: =D10 -> 2880 | U10: Rated input current at Vdc_min [A] @50ºC | V10: =F10 -> 4320
A11: Max. Short circuit input current (2) | B11: 10000 | D11: 2x10000 | F11: 3x10000 | M11: Max. Short circuit input current (2) | N11: 10000 | Q11: Max. Short circuit input current (2) | R11: 2x10000 | U11: Max. Short circuit input current (2) | V11: 3x10000
A12: Number of MPPT | B12: 1 | D12: up to 2 | F12: up to 3 | M12: Number of MPPT | N12: 1 | Q12: Number of MPPT | R12: up to 2 | U12: Number of MPPT | V12: up to 3
A13: Switch type | B13: DC load break switch | M13: Switch type | N13: DC load break switch | Q13: Switch type | R13: =N13 -> DC load break switch | U13: Switch type | V13: =R13 -> DC load break switch
A14: DC overvoltage protection | B14: SPD (type 2) | M14: DC overvoltage protection | N14: SPD (type 2) | Q14: DC overvoltage protection | R14: =N14 -> SPD (type 2) | U14: DC overvoltage protection | V14: =R14 -> SPD (type 2)
A15: Number of DC Inputs | B15: up to 12 | D15: up to 24 | F15: Up to 36 | M15: Number of DC Inputs | N15: up to 12 | Q15: Number of DC Inputs | R15: up to 24 | U15: Number of DC Inputs | V15: Up to 36
A16: DC input protection (3) | B16: Fuses | M16: DC input protection (3) | N16: Fuses | Q16: DC input protection (3) | R16: =N16 -> Fuses | U16: DC input protection (3) | V16: =R16 -> Fuses
A17: Integrated DC monitoring | B17: Optional | M17: Integrated DC monitoring | N17: Optional | Q17: Integrated DC monitoring | R17: =N17 -> Optional | U17: Integrated DC monitoring | V17: =R17 -> Optional
A18: AC Output | M18: AC Output | Q18: AC Output | U18: AC Output
A19: Nominal AC voltage | B19: =Capability!$B$1 -> 620 | M19: Nominal AC voltage | N19: =Capability!$B$1 -> 620 | Q19: Nominal AC voltage | R19: =N19 -> 620 | U19: Nominal AC voltage | V19: =R19 -> 620
A20: Max. AC voltage range (4) | B20: 90%-110% | M20: Max. AC voltage range (4) | N20: 90%-110% | Q20: Max. AC voltage range (4) | R20: =N20 -> 90%-110% | U20: Max. AC voltage range (4) | V20: =R20 -> 90%-110%
A21: Frequency, f [Hz] | B21: 50-60 | M21: Frequency, f [Hz] | N21: 50-60 | Q21: Frequency, f [Hz] | R21: =N21 -> 50-60 | U21: Frequency, f [Hz] | V21: =R21 -> 50-60
A22: Frequency operation range [Hz] | B22: f ±3Hz | M22: Frequency operation range [Hz] | N22: f ±3Hz | Q22: Frequency operation range [Hz] | R22: =N22 -> f ±3Hz | U22: Frequency operation range [Hz] | V22: =R22 -> f ±3Hz
A23: =CONCATENATE("Rated apparent AC power [kVA] @", 9/5*H23+32,"ºF/",H23,"ºC up to ",I23,"Vdc (5)") -> Rated apparent AC power [kVA] @95ºF/35ºC up to 950Vdc (5) | B23: =ROUNDDOWN(Ii_r*J23*K23*Capability!$B$1*SQRT(3)/K_3^2/1000,0) -> 1455 | D23: =ROUNDDOWN(2*Ii_r*J23*K23*Capability!$B$1*SQRT(3)/K_3^2/1000,0) -> 2911 | F23: =ROUNDDOWN(3*Ii_r*J23*K23*Capability!$B$1*SQRT(3)/K_3^2/1000,0) -> 4367 | H23: 35 | I23: 950 | J23: =IF(H23>aux!$B$12,(H23-aux!$B$12)/(aux!$B$13-aux!$B$12)*(aux!$C$13-aux!$C$12)+aux!$C$12,IF(H23>aux!$B$11,(H23-aux!$B$11)/(aux!$B$12-aux!$B$11)*(aux!$C$12-aux!$C$11)+aux!$C$11,aux!$C$10)) -> 1.1161905 | K23: =IF(I23>aux!$B$20,0,IF(I23>aux!$B$19,(I23-aux!$B$19)*(aux!$C$19-aux!$C$20)/(aux!$B$19-aux!$B$20)+aux!$C$19,IF(I23>aux!$B$18,(aux!$C$18-aux!$C$19)/(aux!$B$18-aux!$B$19)*(I23-aux!$B$18)+aux!$C$18,IF(I23>aux!$B$17,(aux!$C$17-aux!$C$18)/(aux!$B$17-aux!$B$18)*(I23-aux!$B$17)+aux!$C$17,aux!$C$17)))) -> 1.15 | M23: =A23 -> Rated apparent AC power [kVA] @95ºF/35ºC up to 950Vdc (5) | N23: =B23 -> 1455 | Q23: =M23 -> Rated apparent AC power [kVA] @95ºF/35ºC up to 950Vdc (5) | R23: =D23 -> 2911 | U23: =Q23 -> Rated apparent AC power [kVA] @95ºF/35ºC up to 950Vdc (5) | V23: =F23 -> 4367
A24: =CONCATENATE("Rated apparent AC power [kVA] @", 9/5*H24+32,"ºF/",H24,"ºC up to ",I24,"Vdc (5)") -> Rated apparent AC power [kVA] @95ºF/35ºC up to 1250Vdc (5) | B24: =ROUNDDOWN(Ii_r*J24*K24*Capability!$B$1*SQRT(3)/K_3^2/1000,0) -> 1266 | D24: =ROUNDDOWN(2*Ii_r*J24*K24*Capability!$B$1*SQRT(3)/K_3^2/1000,0) -> 2532 | F24: =ROUNDDOWN(3*Ii_r*J24*K24*Capability!$B$1*SQRT(3)/K_3^2/1000,0) -> 3798 | H24: 35 | I24: 1250 | J24: =IF(H24>aux!$B$12,(H24-aux!$B$12)/(aux!$B$13-aux!$B$12)*(aux!$C$13-aux!$C$12)+aux!$C$12,IF(H24>aux!$B$11,(H24-aux!$B$11)/(aux!$B$12-aux!$B$11)*(aux!$C$12-aux!$C$11)+aux!$C$11,aux!$C$10)) -> 1.1161905 | K24: =IF(I24>aux!$B$20,0,IF(I24>aux!$B$19,(I24-aux!$B$19)*(aux!$C$19-aux!$C$20)/(aux!$B$19-aux!$B$20)+aux!$C$19,IF(I24>aux!$B$18,(aux!$C$18-aux!$C$19)/(aux!$B$18-aux!$B$19)*(I24-aux!$B$18)+aux!$C$18,IF(I24>aux!$B$17,(aux!$C$17-aux!$C$18)/(aux!$B$17-aux!$B$18)*(I24-aux!$B$17)+aux!$C$17,aux!$C$17)))) -> 1 | M24: =A24 -> Rated apparent AC power [kVA] @95ºF/35ºC up to 1250Vdc (5) | N24: =B24 -> 1266 | Q24: =M24 -> Rated apparent AC power [kVA] @95ºF/35ºC up to 1250Vdc (5) | R24: =D24 -> 2532 | U24: =Q24 -> Rated apparent AC power [kVA] @95ºF/35ºC up to 1250Vdc (5) | V24: =F24 -> 3798
A25: =CONCATENATE("Rated apparent AC power [kVA] @", 9/5*H25+32,"ºF/",H25,"ºC up to ",I25,"Vdc (5)") -> Rated apparent AC power [kVA] @122ºF/50ºC up to 950Vdc (5) | B25: =ROUNDDOWN(Ii_r*J25*K25*Capability!$B$1*SQRT(3)/K_3^2/1000,0) -> 1304 | D25: =ROUNDDOWN(2*Ii_r*J25*K25*Capability!$B$1*SQRT(3)/K_3^2/1000,0) -> 2608 | F25: =ROUNDDOWN(3*Ii_r*J25*K25*Capability!$B$1*SQRT(3)/K_3^2/1000,0) -> 3913 | H25: 50 | I25: 950 | J25: =IF(H25>aux!$B$12,(H25-aux!$B$12)/(aux!$B$13-aux!$B$12)*(aux!$C$13-aux!$C$12)+aux!$C$12,IF(H25>aux!$B$11,(H25-aux!$B$11)/(aux!$B$12-aux!$B$11)*(aux!$C$12-aux!$C$11)+aux!$C$11,aux!$C$10)) -> 1 | K25: =IF(I25>aux!$B$20,0,IF(I25>aux!$B$19,(I25-aux!$B$19)*(aux!$C$19-aux!$C$20)/(aux!$B$19-aux!$B$20)+aux!$C$19,IF(I25>aux!$B$18,(aux!$C$18-aux!$C$19)/(aux!$B$18-aux!$B$19)*(I25-aux!$B$18)+aux!$C$18,IF(I25>aux!$B$17,(aux!$C$17-aux!$C$18)/(aux!$B$17-aux!$B$18)*(I25-aux!$B$17)+aux!$C$17,aux!$C$17)))) -> 1.15 | M25: =A25 -> Rated apparent AC power [kVA] @122ºF/50ºC up to 950Vdc (5) | N25: =B25 -> 1304 | Q25: =M25 -> Rated apparent AC power [kVA] @122ºF/50ºC up to 950Vdc (5) | R25: =D25 -> 2608 | U25: =Q25 -> Rated apparent AC power [kVA] @122ºF/50ºC up to 950Vdc (5) | V25: =F25 -> 3913
A26: =CONCATENATE("Rated apparent AC power [kVA] @", 9/5*H26+32,"ºF/",H26,"ºC up to ",I26,"Vdc (5)") -> Rated apparent AC power [kVA] @122ºF/50ºC up to 1250Vdc (5) | B26: =ROUNDDOWN(Ii_r*J26*K26*Capability!$B$1*SQRT(3)/K_3^2/1000,0) -> 1134 | D26: =ROUNDDOWN(2*Ii_r*J26*K26*Capability!$B$1*SQRT(3)/K_3^2/1000,0) -> 2268 | F26: =ROUNDDOWN(3*Ii_r*J26*K26*Capability!$B$1*SQRT(3)/K_3^2/1000,0) -> 3402 | H26: 50 | I26: 1250 | J26: =IF(H26>aux!$B$12,(H26-aux!$B$12)/(aux!$B$13-aux!$B$12)*(aux!$C$13-aux!$C$12)+aux!$C$12,IF(H26>aux!$B$11,(H26-aux!$B$11)/(aux!$B$12-aux!$B$11)*(aux!$C$12-aux!$C$11)+aux!$C$11,aux!$C$10)) -> 1 | K26: =IF(I26>aux!$B$20,0,IF(I26>aux!$B$19,(I26-aux!$B$19)*(aux!$C$19-aux!$C$20)/(aux!$B$19-aux!$B$20)+aux!$C$19,IF(I26>aux!$B$18,(aux!$C$18-aux!$C$19)/(aux!$B$18-aux!$B$19)*(I26-aux!$B$18)+aux!$C$18,IF(I26>aux!$B$17,(aux!$C$17-aux!$C$18)/(aux!$B$17-aux!$B$18)*(I26-aux!$B$17)+aux!$C$17,aux!$C$17)))) -> 1 | M26: =A26 -> Rated apparent AC power [kVA] @122ºF/50ºC up to 1250Vdc (5) | N26: =B26 -> 1134 | Q26: =M26 -> Rated apparent AC power [kVA] @122ºF/50ºC up to 1250Vdc (5) | R26: =D26 -> 2268 | U26: =Q26 -> Rated apparent AC power [kVA] @122ºF/50ºC up to 1250Vdc (5) | V26: =F26 -> 3402
A27: =CONCATENATE("Rated AC power. Pmax [kW] @ ", 9/5*H26+32,"ºF/",H26,"ºC up to ",I26,"Vdc (5)") -> Rated AC power. Pmax [kW] @ 122ºF/50ºC up to 1250Vdc (5) | B27: =ROUNDDOWN(Ii_r*J27*K27*Capability!$B$1*SQRT(3)/1000,0) -> 1447 | D27: =ROUNDDOWN(2*Ii_r*J27*K27*Capability!$B$1*SQRT(3)/1000,0) -> 2894 | F27: =ROUNDDOWN(3*Ii_r*J27*K27*Capability!$B$1*SQRT(3)/1000,0) -> 4342 | H27: 35 | I27: 950 | J27: =IF(H27>aux!$B$12,(H27-aux!$B$12)/(aux!$B$13-aux!$B$12)*(aux!$C$13-aux!$C$12)+aux!$C$12,IF(H27>aux!$B$11,(H27-aux!$B$11)/(aux!$B$12-aux!$B$11)*(aux!$C$12-aux!$C$11)+aux!$C$11,aux!$C$10)) -> 1.1161905 | K27: =IF(I27>aux!$B$20,0,IF(I27>aux!$B$19,(I27-aux!$B$19)*(aux!$C$19-aux!$C$20)/(aux!$B$19-aux!$B$20)+aux!$C$19,IF(I27>aux!$B$18,(aux!$C$18-aux!$C$19)/(aux!$B$18-aux!$B$19)*(I27-aux!$B$18)+aux!$C$18,IF(I27>aux!$B$17,(aux!$C$17-aux!$C$18)/(aux!$B$17-aux!$B$18)*(I27-aux!$B$17)+aux!$C$17,aux!$C$17)))) -> 1.15 | M27: =A27 -> Rated AC power. Pmax [kW] @ 122ºF/50ºC up to 1250Vdc (5) | N27: =B27 -> 1447 | Q27: =M27 -> Rated AC power. Pmax [kW] @ 122ºF/50ºC up to 1250Vdc (5) | R27: =D27 -> 2894 | U27: =Q27 -> Rated AC power. Pmax [kW] @ 122ºF/50ºC up to 1250Vdc (5) | V27: =F27 -> 4342
A28: =CONCATENATE("Rated AC power. Pmax [kW] @ ", 9/5*H26+32,"ºF/",H26,"ºC up to ",I26,"Vdc (5)") -> Rated AC power. Pmax [kW] @ 122ºF/50ºC up to 1250Vdc (5) | B28: =ROUNDDOWN(Ii_r*J28*K28*Capability!$B$1*SQRT(3)/1000,0) -> 1258 | D28: =ROUNDDOWN(2*Ii_r*J28*K28*Capability!$B$1*SQRT(3)/1000,0) -> 2517 | F28: =ROUNDDOWN(3*Ii_r*J28*K28*Capability!$B$1*SQRT(3)/1000,0) -> 3775 | H28: 35 | I28: 1250 | J28: =IF(H28>aux!$B$12,(H28-aux!$B$12)/(aux!$B$13-aux!$B$12)*(aux!$C$13-aux!$C$12)+aux!$C$12,IF(H28>aux!$B$11,(H28-aux!$B$11)/(aux!$B$12-aux!$B$11)*(aux!$C$12-aux!$C$11)+aux!$C$11,aux!$C$10)) -> 1.1161905 | K28: =IF(I28>aux!$B$20,0,IF(I28>aux!$B$19,(I28-aux!$B$19)*(aux!$C$19-aux!$C$20)/(aux!$B$19-aux!$B$20)+aux!$C$19,IF(I28>aux!$B$18,(aux!$C$18-aux!$C$19)/(aux!$B$18-aux!$B$19)*(I28-aux!$B$18)+aux!$C$18,IF(I28>aux!$B$17,(aux!$C$17-aux!$C$18)/(aux!$B$17-aux!$B$18)*(I28-aux!$B$17)+aux!$C$17,aux!$C$17)))) -> 1 | M28: =A28 -> Rated AC power. Pmax [kW] @ 122ºF/50ºC up to 1250Vdc (5) | N28: =B28 -> 1258 | Q28: =M28 -> Rated AC power. Pmax [kW] @ 122ºF/50ºC up to 1250Vdc (5) | R28: =D28 -> 2517 | U28: =Q28 -> Rated AC power. Pmax [kW] @ 122ºF/50ºC up to 1250Vdc (5) | V28: =F28 -> 3775
A29: Total Current Demand Distortion (TDD) | B29: <3% | M29: Total Current Demand Distortion (TDD) | N29: <3% | Q29: Total Current Demand Distortion (TDD) | R29: =N29 -> <3% | U29: Total Current Demand Distortion (TDD) | V29: =R29 -> <3%
A30: Power factor | B30: Adjustable | M30: Power factor | N30: Adjustable | Q30: Power factor | R30: =N30 -> Adjustable | U30: Power factor | V30: =R30 -> Adjustable
A31: AC Cabinet | B31: Integrated | M31: AC Cabinet | N31: Integrated | Q31: AC Cabinet | R31: =N31 -> Integrated | U31: AC Cabinet | V31: =R31 -> Integrated
A32: Switch type | B32: AC circuit breaker | M32: Switch type | N32: AC circuit breaker | Q32: Switch type | R32: =N32 -> AC circuit breaker | U32: Switch type | V32: =R32 -> AC circuit breaker
A33: Number of handling switches | B33: 1 | D33: 2 | F33: 3 | M33: Number of handling switches | N33: 1 | Q33: Number of handling switches | R33: 2 | U33: Number of handling switches | V33: 3
A34: AC overvoltage protection | B34: SPD (type 2) | M34: AC overvoltage protection | N34: SPD (type 2) | Q34: AC overvoltage protection | R34: =N34 -> SPD (type 2) | U34: AC overvoltage protection | V34: =R34 -> SPD (type 2)
A35: Efficiency | M35: Efficiency | Q35: Efficiency | U35: Efficiency
A36: Maximum Peak Efficiency (7) | B36: =IF(Capability!$B$1>600,">98.8%",IF(Capability!$B$1>=560,">98.7%",IF(Capability!$B$1>500,">98.6%",">98.4%"))) -> >98.8% | M36: Maximum Peak Efficiency (7) | N36: =IF(Capability!$B$1>600,">98.8%",IF(Capability!$B$1>=560,">98.7%",IF(Capability!$B$1>500,">98.6%",">98.4%"))) -> >98.8% | Q36: Maximum Peak Efficiency (7) | R36: =N36 -> >98.8% | U36: Maximum Peak Efficiency (7) | V36: =R36 -> >98.8%
A37: European Efficiency (7) | B37: =IF(Capability!$B$1>600,">98.5%",IF(Capability!$B$1>=560,">98.5%",IF(Capability!$B$1>500,">98.4%",">98.1%"))) -> >98.5% | M37: European Efficiency (7) | N37: =IF(Capability!$B$1>600,">98.5%",IF(Capability!$B$1>=560,">98.5%",IF(Capability!$B$1>500,">98.4%",">98.1%"))) -> >98.5% | Q37: European Efficiency (7) | R37: =N37 -> >98.5% | U37: European Efficiency (7) | V37: =R37 -> >98.5%
A38: CEC Efficiency (7) | B38: =IF(Capability!$B$1>600,">98.6%",IF(Capability!$B$1>=560,">98.6%",IF(Capability!$B$1>500,">98.5%",">98.2%"))) -> >98.6% | M38: CEC Efficiency (7) | N38: =IF(Capability!$B$1>600,">98.6%",IF(Capability!$B$1>=560,">98.6%",IF(Capability!$B$1>500,">98.5%",">98.2%"))) -> >98.6% | Q38: CEC Efficiency (7) | R38: =N38 -> >98.6% | U38: CEC Efficiency (7) | V38: =R38 -> >98.6%
A39: Self-consumption in standby [W] (8) | B39: <250 | D39: <400 | F39: <550 | M39: Self-consumption in standby [W] (8) | N39: <250 | Q39: Self-consumption in standby [W] (8) | R39: <400 | U39: Self-consumption in standby [W] (8) | V39: <550
A40: Self-consumption in operation [kW] | B40: <4.5 | D40: <7 | F40: <10 | M40: Self-consumption in operation [kW] | N40: <4.5 | Q40: Self-consumption in operation [kW] | R40: <7 | U40: Self-consumption in operation [kW] | V40: <10
A41: Average daily Self-consumption 12h. (European profile) [Kw] | B41: <2 | D41: <3 | F41: <4 | M41: Average daily Self-consumption 12h. (European profile) [Kw] | N41: <2 | Q41: Average daily Self-consumption 12h. (European profile) [Kw] | R41: <3 | U41: Average daily Self-consumption 12h. (European profile) [Kw] | V41: <4
A42: Average daily Self-consumption 12h. (CEC profile) [Kw] | B42: <3 | D42: <4 | F42: <5 | M42: Average daily Self-consumption 12h. (CEC profile) [Kw] | N42: <3 | Q42: Average daily Self-consumption 12h. (CEC profile) [Kw] | R42: <4 | U42: Average daily Self-consumption 12h. (CEC profile) [Kw] | V42: <5
A43: Notes | M43: Notes | Q43: Notes | U43: Notes
A44: (1) At 100% Uac_nom, full power according to Figure 10 and cos ϕ = 1 | M44: (1) At 100% Uac_nom, full power according to Figure 10 and cos ϕ = 1 | Q44: (1) At 100% Uac_nom, full power according to Figure 10 and cos ϕ = 1 | U44: (1) At 100% Uac_nom, full power according to Figure 10 and cos ϕ = 1
A45: (2) Higher values under request | M45: (2) Higher values under request | Q45: (2) Higher values under request | U45: (2) Higher values under request
A46: (3) Different DC fuse sizes are available. Optionals for BPCS | M46: (3) Different DC fuse sizes are available. Optionals for BPCS | Q46: (3) Different DC fuse sizes are available. Optionals for BPCS | U46: (3) Different DC fuse sizes are available. Optionals for BPCS
A47: (4) Other voltage configurations are possible under request | M47: (4) Other voltage configurations are possible under request | Q47: (4) Other voltage configurations are possible under request | U47: (4) Other voltage configurations are possible under request
A48: (5) At nominal AC voltage. | M48: (5) At nominal AC voltage. | Q48: (5) At nominal AC voltage. | U48: (5) At nominal AC voltage.
A49: (6) Self-consumption is not considered in the efficiency measurement considering the rated current when the Vdc=1250Vdc and the ambient temperature bellow 35 ºC | M49: (6) Self-consumption is not considered in the efficiency measurement considering the rated current when the Vdc=1250Vdc and the ambient temperature bellow 35 ºC | Q49: (6) Self-consumption is not considered in the efficiency measurement considering the rated current when the Vdc=1250Vdc and the ambient temperature bellow 35 ºC | U49: (6) Self-consumption is not considered in the efficiency measurement considering the rated current when the Vdc=1250Vdc and the ambient temperature bellow 35 ºC
A50: (7) The losses in standby and consumption of auxiliaries may vary depending on the model of transformer required by the customer | M50: (7) The losses in standby and consumption of auxiliaries may vary depending on the model of transformer required by the customer | Q50: (7) The losses in standby and consumption of auxiliaries may vary depending on the model of transformer required by the customer | U50: (7) The losses in standby and consumption of auxiliaries may vary depending on the model of transformer required by the customer

Sheet Capability
A1: Inverter Voltage | B1: 620 | H1: P (W) | I1: Q _Ii(VAr) | J1: Vi_need | K1: Q_Vdc (Var) | L1: Q(Var) | M1: P(kW) | N1: Q(kVAr) | O1: Q_Ii(kVAr) | P1: Vdc_min (V) | Q1: S(kVA) | R1: cos fi
A2: Voltage operation pu | B2: 1 | F2: P_manual (kW), Q>0 | G2: 3750 | H2: =G2*1000 -> 3750000 | I2: =Nm*(SQRT(IF(3/K_3^2*Ii^2*Vo^2-(H2/Nm)^2<0.0000000001,0,3/K_3^2*Ii^2*Vo^2-(H2/Nm)^2))+Vo^2/K_3*K_4) -> 1868166.1 | J2: =SQRT(3)*SQRT((Vo/SQRT(3)*K_1+SQRT(H2^2+I2^2)/SQRT(3)/Vo/Nm*I2/SQRT(H2^2+I2^2)*K_2)^2+(SQRT(H2^2+I2^2)/SQRT(3)/Vo/Nm*H2/SQRT(H2^2+I2^2)*K_2)^2) -> 666.47532 | K2: =Nm*(SQRT(Vi^2*Vo^2/K_2^2-(H2/Nm)^2)-Vo^2*K_1/K_2) -> 1825941.5 | L2: =IF(ABS(I2)<ABS(K2),I2,K2) -> 1825941.5 | M2: =H2/1000 -> 3750 | N2: =L2/1000 -> 1825.9415 | O2: =I2/1000 -> 1868.1661 | P2: =J2*1.43+10 -> 963.05971 | Q2: =SQRT(M2^2+N2^2) -> 4170.9186 | R2: =M2/SQRT(M2^2+N2^2) -> 0.89908251 | S2: Capacitive
A3: Line-Line Voltage (V) | B3: =$B$1*B2 -> 620 | F3: P_manual (kW), Q<0 | G3: 2846 | H3: =G3*1000 -> 2846000 | I3: =Nm*(-SQRT(IF(3/K_3^2*Ii^2*Vo^2-(H3/Nm)^2<0.0000000001,0,3/K_3^2*Ii^2*Vo^2-(H3/Nm)^2))+Vo^2/K_3*K_4) -> -2394824.4 | J3: =SQRT(3)*SQRT((Vo/SQRT(3)*K_1+SQRT(H3^2+I3^2)/SQRT(3)/Vo/Nm*I3/SQRT(H3^2+I3^2)*K_2)^2+(SQRT(H3^2+I3^2)/SQRT(3)/Vo/Nm*H3/SQRT(H3^2+I3^2)*K_2)^2) -> 552.93135 | K3: =Nm*(-SQRT(Vi^2*Vo^2/K_2^2-(H3/Nm)^2)-Vo^2*K_1/K_2) -> -48695325 | L3: =IF(ABS(I3)<ABS(K3),I3,K3) -> -2394824.4 | M3: =H3/1000 -> 2846 | N3: =L3/1000 -> -2394.8244 | O3: =I3/1000 -> -2394.8244 | P3: =J3*1.43+10 -> 800.69183 | Q3: =SQRT(M3^2+N3^2) -> 3719.5295 | R3: =M3/SQRT(M3^2+N3^2) -> 0.76515054 | S3: Inductive
A4: Nm: Number of modules | B4: 3 | H4: =0 -> 0 | I4: =Nm*(SQRT(IF(3/K_3^2*Ii^2*Vo^2-(H4/Nm)^2<0.0000000001,0,3/K_3^2*Ii^2*Vo^2-(H4/Nm)^2))+Vo^2/K_3*K_4) -> 4450198.8 | J4: =SQRT(3)*SQRT((Vo/SQRT(3)*K_1+SQRT(H4^2+I4^2)/SQRT(3)/Vo/Nm*I4/SQRT(H4^2+I4^2)*K_2)^2+(SQRT(H4^2+I4^2)/SQRT(3)/Vo/Nm*H4/SQRT(H4^2+I4^2)*K_2)^2) -> 726.67073 | K4: =Nm*(SQRT(Vi^2*Vo^2/K_2^2-(H4/Nm)^2)-Vo^2*K_1/K_2) -> 2103413.9 | L4: =IF(ABS(I4)<ABS(K4),I4,K4) -> 2103413.9 | M4: =IF(H4/1000>$D$23,$D$23,H4/1000) -> 0 | N4: =L4/1000 -> 2103.4139 | O4: =I4/1000 -> 4450.1988 | P4: =J4*1.43+10 -> 1049.1391 | Q4: =SQRT(M4^2+N4^2) -> 2103.4139 | R4: =M4/SQRT(M4^2+N4^2) -> 0
A5: f(Hz) | B5: 50 | C5: wg(Hz) | D5: =2*PI()*B5 -> 314.15927 | H5: =$B$23/20+H4 -> 200113.81 | I5: =Nm*(SQRT(IF(3/K_3^2*Ii^2*Vo^2-(H5/Nm)^2<0.0000000001,0,3/K_3^2*Ii^2*Vo^2-(H5/Nm)^2))+Vo^2/K_3*K_4) -> 4445207.7 | J5: =SQRT(3)*SQRT((Vo/SQRT(3)*K_1+SQRT(H5^2+I5^2)/SQRT(3)/Vo/Nm*I5/SQRT(H5^2+I5^2)*K_2)^2+(SQRT(H5^2+I5^2)/SQRT(3)/Vo/Nm*H5/SQRT(H5^2+I5^2)*K_2)^2) -> 726.55918 | K5: =Nm*(SQRT(Vi^2*Vo^2/K_2^2-(H5/Nm)^2)-Vo^2*K_1/K_2) -> 2102628 | L5: =IF(ABS(I5)<ABS(K5),I5,K5) -> 2102628 | M5: =IF(H5/1000>$D$23,$D$23,H5/1000) -> 200.11381 | N5: =L5/1000 -> 2102.628 | O5: =I5/1000 -> 4445.2077 | P5: =J5*1.43+10 -> 1048.9796 | Q5: =SQRT(M5^2+N5^2) -> 2112.1293 | R5: =M5/SQRT(M5^2+N5^2) -> 0.094745056
A6: Height (m) | B6: 2700 | H6: =$B$22/20+H5 -> 401417.92 | I6: =Nm*(SQRT(IF(3/K_3^2*Ii^2*Vo^2-(H6/Nm)^2<0.0000000001,0,3/K_3^2*Ii^2*Vo^2-(H6/Nm)^2))+Vo^2/K_3*K_4) -> 4430077.4 | J6: =SQRT(3)*SQRT((Vo/SQRT(3)*K_1+SQRT(H6^2+I6^2)/SQRT(3)/Vo/Nm*I6/SQRT(H6^2+I6^2)*K_2)^2+(SQRT(H6^2+I6^2)/SQRT(3)/Vo/Nm*H6/SQRT(H6^2+I6^2)*K_2)^2) -> 726.22092 | K6: =Nm*(SQRT(Vi^2*Vo^2/K_2^2-(H6/Nm)^2)-Vo^2*K_1/K_2) -> 2100251.5 | L6: =IF(ABS(I6)<ABS(K6),I6,K6) -> 2100251.5 | M6: =IF(H6/1000>$D$23,$D$23,H6/1000) -> 401.41792 | N6: =L6/1000 -> 2100.2515 | O6: =I6/1000 -> 4430.0774 | P6: =J6*1.43+10 -> 1048.4959 | Q6: =SQRT(M6^2+N6^2) -> 2138.2687 | R6: =M6/SQRT(M6^2+N6^2) -> 0.18773035
A7: Temperature Max (ºC) ( TM) | B7: 33 | C7: TM_H_corrected(ºC) | D7: =B7+aux!C6 -> 44.25 | H7: =$B$22/20+H6 -> 602722.04 | I7: =Nm*(SQRT(IF(3/K_3^2*Ii^2*Vo^2-(H7/Nm)^2<0.0000000001,0,3/K_3^2*Ii^2*Vo^2-(H7/Nm)^2))+Vo^2/K_3*K_4) -> 4404691.8 | J7: =SQRT(3)*SQRT((Vo/SQRT(3)*K_1+SQRT(H7^2+I7^2)/SQRT(3)/Vo/Nm*I7/SQRT(H7^2+I7^2)*K_2)^2+(SQRT(H7^2+I7^2)/SQRT(3)/Vo/Nm*H7/SQRT(H7^2+I7^2)*K_2)^2) -> 725.65305 | K7: =Nm*(SQRT(Vi^2*Vo^2/K_2^2-(H7/Nm)^2)-Vo^2*K_1/K_2) -> 2096284 | L7: =IF(ABS(I7)<ABS(K7),I7,K7) -> 2096284 | M7: =IF(H7/1000>$D$23,$D$23,H7/1000) -> 602.72204 | N7: =L7/1000 -> 2096.284 | O7: =I7/1000 -> 4404.6918 | P7: =J7*1.43+10 -> 1047.6839 | Q7: =SQRT(M7^2+N7^2) -> 2181.2108 | R7: =M7/SQRT(M7^2+N7^2) -> 0.27632453
A8: Vdc_min (Tmax) | B8: 951.5 | C8: Vdc_min(sat) | D8: =IF(B8>1250,1250,IF(B8<$B$3*Vac_to_Vdc+Vdc_offset*Vdc_offset*IF(Vo>500,IF(Vo>600,0,0.4),1),$B$3*Vac_to_Vdc+Vdc_offset*IF(Vo>500,IF(Vo>600,0,0.4),1),B8)) -> 951.5 | H8: =$B$22/20+H7 -> 804026.16 | I8: =Nm*(SQRT(IF(3/K_3^2*Ii^2*Vo^2-(H8/Nm)^2<0.0000000001,0,3/K_3^2*Ii^2*Vo^2-(H8/Nm)^2))+Vo^2/K_3*K_4) -> 4368852.4 | J8: =SQRT(3)*SQRT((Vo/SQRT(3)*K_1+SQRT(H8^2+I8^2)/SQRT(3)/Vo/Nm*I8/SQRT(H8^2+I8^2)*K_2)^2+(SQRT(H8^2+I8^2)/SQRT(3)/Vo/Nm*H8/SQRT(H8^2+I8^2)*K_2)^2) -> 724.85055 | K8: =Nm*(SQRT(Vi^2*Vo^2/K_2^2-(H8/Nm)^2)-Vo^2*K_1/K_2) -> 2090724.7 | L8: =IF(ABS(I8)<ABS(K8),I8,K8) -> 2090724.7 | M8: =IF(H8/1000>$D$23,$D$23,H8/1000) -> 804.02616 | N8: =L8/1000 -> 2090.7247 | O8: =I8/1000 -> 4368.8524 | P8: =J8*1.43+10 -> 1046.5363 | Q8: =SQRT(M8^2+N8^2) -> 2239.9972 | R8: =M8/SQRT(M8^2+N8^2) -> 0.35894069
A9: TM_derating | B9: =IF(B25=1,IF(D7>aux!B12,(D7-aux!B12)/(aux!B13-aux!B12)*(aux!C13-aux!C12)+aux!C12,IF(D7>aux!B11,(D7-aux!B11)/(aux!B12-aux!B11)*(aux!C12-aux!C11)+aux!C11,aux!C10)),1) -> 1.0445397 | H9: =$B$22/20+H8 -> 1005330.3 | I9: =Nm*(SQRT(IF(3/K_3^2*Ii^2*Vo^2-(H9/Nm)^2<0.0000000001,0,3/K_3^2*Ii^2*Vo^2-(H9/Nm)^2))+Vo^2/K_3*K_4) -> 4322269.9 | J9: =SQRT(3)*SQRT((Vo/SQRT(3)*K_1+SQRT(H9^2+I9^2)/SQRT(3)/Vo/Nm*I9/SQRT(H9^2+I9^2)*K_2)^2+(SQRT(H9^2+I9^2)/SQRT(3)/Vo/Nm*H9/SQRT(H9^2+I9^2)*K_2)^2) -> 723.80618 | K9: =Nm*(SQRT(Vi^2*Vo^2/K_2^2-(H9/Nm)^2)-Vo^2*K_1/K_2) -> 2083572.5 | L9: =IF(ABS(I9)<ABS(K9),I9,K9) -> 2083572.5 | M9: =IF(H9/1000>$D$23,$D$23,H9/1000) -> 1005.3303 | N9: =L9/1000 -> 2083.5725 | O9: =I9/1000 -> 4322.2699 | P9: =J9*1.43+10 -> 1045.0428 | Q9: =SQRT(M9^2+N9^2) -> 2313.431 | R9: =M9/SQRT(M9^2+N9^2) -> 0.43456246
A10: Vdc_min derating | B10: =IF(B25=1,IF(D8>aux!B20,0,IF(D8>aux!B19,(D8-aux!B19)*(aux!C19-aux!C20)/(aux!B19-aux!B20)+aux!C19,IF(D8>aux!B18,(aux!C18-aux!C19)/(aux!B18-aux!B19)*(D8-aux!B18)+aux!C18,IF(D8>aux!B17,(aux!C17-aux!C18)/(aux!B17-aux!B18)*(D8-aux!B17)+aux!C17,aux!C17)))),1) -> 1.14925 | H10: =$B$22/20+H9 -> 1206634.4 | I10: =Nm*(SQRT(IF(3/K_3^2*Ii^2*Vo^2-(H10/Nm)^2<0.0000000001,0,3/K_3^2*Ii^2*Vo^2-(H10/Nm)^2))+Vo^2/K_3*K_4) -> 4264552.2 | J10: =SQRT(3)*SQRT((Vo/SQRT(3)*K_1+SQRT(H10^2+I10^2)/SQRT(3)/Vo/Nm*I10/SQRT(H10^2+I10^2)*K_2)^2+(SQRT(H10^2+I10^2)/SQRT(3)/Vo/Nm*H10/SQRT(H10^2+I10^2)*K_2)^2) -> 722.51006 | K10: =Nm*(SQRT(Vi^2*Vo^2/K_2^2-(H10/Nm)^2)-Vo^2*K_1/K_2) -> 2074826 | L10: =IF(ABS(I10)<ABS(K10),I10,K10) -> 2074826 | M10: =IF(H10/1000>$D$23,$D$23,H10/1000) -> 1206.6344 | N10: =L10/1000 -> 2074.826 | O10: =I10/1000 -> 4264.5522 | P10: =J10*1.43+10 -> 1043.1894 | Q10: =SQRT(M10^2+N10^2) -> 2400.1812 | R10: =M10/SQRT(M10^2+N10^2) -> 0.50272638
A11: Total derating@ TM | B11: =B9*B10 -> 1.2004372 | H11: =$B$22/20+H10 -> 1407938.5 | I11: =Nm*(SQRT(IF(3/K_3^2*Ii^2*Vo^2-(H11/Nm)^2<0.0000000001,0,3/K_3^2*Ii^2*Vo^2-(H11/Nm)^2))+Vo^2/K_3*K_4) -> 4195186.4 | J11: =SQRT(3)*SQRT((Vo/SQRT(3)*K_1+SQRT(H11^2+I11^2)/SQRT(3)/Vo/Nm*I11/SQRT(H11^2+I11^2)*K_2)^2+(SQRT(H11^2+I11^2)/SQRT(3)/Vo/Nm*H11/SQRT(H11^2+I11^2)*K_2)^2) -> 720.94929 | K11: =Nm*(SQRT(Vi^2*Vo^2/K_2^2-(H11/Nm)^2)-Vo^2*K_1/K_2) -> 2064483.8 | L11: =IF(ABS(I11)<ABS(K11),I11,K11) -> 2064483.8 | M11: =IF(H11/1000>$D$23,$D$23,H11/1000) -> 1407.9385 | N11: =L11/1000 -> 2064.4838 | O11: =I11/1000 -> 4195.1864 | P11: =J11*1.43+10 -> 1040.9575 | Q11: =SQRT(M11^2+N11^2) -> 2498.8766 | R11: =M11/SQRT(M11^2+N11^2) -> 0.56342859
A12: Temperature Min (ºC) ( Tm) | B12: -5 | C12: Tm_H_corrected(ºC) | D12: =B12+aux!C6 -> 6.25 | H12: =$B$22/20+H11 -> 1609242.6 | I12: =Nm*(SQRT(IF(3/K_3^2*Ii^2*Vo^2-(H12/Nm)^2<0.0000000001,0,3/K_3^2*Ii^2*Vo^2-(H12/Nm)^2))+Vo^2/K_3*K_4) -> 4113513.4 | J12: =SQRT(3)*SQRT((Vo/SQRT(3)*K_1+SQRT(H12^2+I12^2)/SQRT(3)/Vo/Nm*I12/SQRT(H12^2+I12^2)*K_2)^2+(SQRT(H12^2+I12^2)/SQRT(3)/Vo/Nm*H12/SQRT(H12^2+I12^2)*K_2)^2) -> 719.10726 | K12: =Nm*(SQRT(Vi^2*Vo^2/K_2^2-(H12/Nm)^2)-Vo^2*K_1/K_2) -> 2052543.7 | L12: =IF(ABS(I12)<ABS(K12),I12,K12) -> 2052543.7 | M12: =IF(H12/1000>$D$23,$D$23,H12/1000) -> 1609.2426 | N12: =L12/1000 -> 2052.5437 | O12: =I12/1000 -> 4113.5134 | P12: =J12*1.43+10 -> 1038.3234 | Q12: =SQRT(M12^2+N12^2) -> 2608.179 | R12: =M12/SQRT(M12^2+N12^2) -> 0.61699854
A13: Vdc_MPPT (Tmin) | B13: 1130 | C13: Vdc_max(sat) | D13: =IF(B13>1250,1250,IF(B13<Vo*1.43,Vo*1.43,B13)) -> 1130 | H13: =$B$22/20+H12 -> 1810546.7 | I13: =Nm*(SQRT(IF(3/K_3^2*Ii^2*Vo^2-(H13/Nm)^2<0.0000000001,0,3/K_3^2*Ii^2*Vo^2-(H13/Nm)^2))+Vo^2/K_3*K_4) -> 4018691.8 | J13: =SQRT(3)*SQRT((Vo/SQRT(3)*K_1+SQRT(H13^2+I13^2)/SQRT(3)/Vo/Nm*I13/SQRT(H13^2+I13^2)*K_2)^2+(SQRT(H13^2+I13^2)/SQRT(3)/Vo/Nm*H13/SQRT(H13^2+I13^2)*K_2)^2) -> 716.96274 | K13: =Nm*(SQRT(Vi^2*Vo^2/K_2^2-(H13/Nm)^2)-Vo^2*K_1/K_2) -> 2039003.6 | L13: =IF(ABS(I13)<ABS(K13),I13,K13) -> 2039003.6 | M13: =IF(H13/1000>$D$23,$D$23,H13/1000) -> 1810.5467 | N13: =L13/1000 -> 2039.0036 | O13: =I13/1000 -> 4018.6918 | P13: =J13*1.43+10 -> 1035.2567 | Q13: =SQRT(M13^2+N13^2) -> 2726.8325 | R13: =M13/SQRT(M13^2+N13^2) -> 0.66397432
A14: Tm_derating | B14: =IF(B25=1,IF(D12>aux!B12,(D12-aux!B12)/(aux!B13-aux!B12)*(aux!C13-aux!C12)+aux!C12,IF(D12>aux!B11,(D12-aux!B11)/(aux!B12-aux!B11)*(aux!C12-aux!C11)+aux!C11,aux!C10)),1) -> 1.1161905 | H14: =$B$22/20+H13 -> 2011850.9 | I14: =Nm*(SQRT(IF(3/K_3^2*Ii^2*Vo^2-(H14/Nm)^2<0.0000000001,0,3/K_3^2*Ii^2*Vo^2-(H14/Nm)^2))+Vo^2/K_3*K_4) -> 3909644.8 | J14: =SQRT(3)*SQRT((Vo/SQRT(3)*K_1+SQRT(H14^2+I14^2)/SQRT(3)/Vo/Nm*I14/SQRT(H14^2+I14^2)*K_2)^2+(SQRT(H14^2+I14^2)/SQRT(3)/Vo/Nm*H14/SQRT(H14^2+I14^2)*K_2)^2) -> 714.48854 | K14: =Nm*(SQRT(Vi^2*Vo^2/K_2^2-(H14/Nm)^2)-Vo^2*K_1/K_2) -> 2023860.9 | L14: =IF(ABS(I14)<ABS(K14),I14,K14) -> 2023860.9 | M14: =IF(H14/1000>$D$23,$D$23,H14/1000) -> 2011.8509 | N14: =L14/1000 -> 2023.8609 | O14: =I14/1000 -> 3909.6448 | P14: =J14*1.43+10 -> 1031.7186 | Q14: =SQRT(M14^2+N14^2) -> 2853.6918 | R14: =M14/SQRT(M14^2+N14^2) -> 0.70499934
A15: Vdc_derating(V) | B15: =IF(B25=1,IF(B13>aux!B20,0,IF(B13>aux!B19,(B13-aux!B19)*(aux!C19-aux!C20)/(aux!B19-aux!B20)+aux!C19,IF(B13>aux!B18,(aux!C18-aux!C19)/(aux!B18-aux!B19)*(B13-aux!B18)+aux!C18,IF(B13>aux!B17,(aux!C17-aux!C18)/(aux!B17-aux!B18)*(B13-aux!B17)+aux!C17,aux!C17)))),1) -> 1.06 | H15: =$B$22/20+H14 -> 2213155 | I15: =Nm*(SQRT(IF(3/K_3^2*Ii^2*Vo^2-(H15/Nm)^2<0.0000000001,0,3/K_3^2*Ii^2*Vo^2-(H15/Nm)^2))+Vo^2/K_3*K_4) -> 3784983.1 | J15: =SQRT(3)*SQRT((Vo/SQRT(3)*K_1+SQRT(H15^2+I15^2)/SQRT(3)/Vo/Nm*I15/SQRT(H15^2+I15^2)*K_2)^2+(SQRT(H15^2+I15^2)/SQRT(3)/Vo/Nm*H15/SQRT(H15^2+I15^2)*K_2)^2) -> 711.64951 | K15: =Nm*(SQRT(Vi^2*Vo^2/K_2^2-(H15/Nm)^2)-Vo^2*K_1/K_2) -> 2007112.8 | L15: =IF(ABS(I15)<ABS(K15),I15,K15) -> 2007112.8 | M15: =IF(H15/1000>$D$23,$D$23,H15/1000) -> 2213.155 | N15: =L15/1000 -> 2007.1128 | O15: =I15/1000 -> 3784.9831 | P15: =J15*1.43+10 -> 1027.6588 | Q15: =SQRT(M15^2+N15^2) -> 2987.7344 | R15: =M15/SQRT(M15^2+N15^2) -> 0.7407469
A16: Total derating@ Tm | B16: =B14*B15 -> 1.1831619 | H16: =$B$22/20+H15 -> 2414459.1 | I16: =Nm*(SQRT(IF(3/K_3^2*Ii^2*Vo^2-(H16/Nm)^2<0.0000000001,0,3/K_3^2*Ii^2*Vo^2-(H16/Nm)^2))+Vo^2/K_3*K_4) -> 3642886.2 | J16: =SQRT(3)*SQRT((Vo/SQRT(3)*K_1+SQRT(H16^2+I16^2)/SQRT(3)/Vo/Nm*I16/SQRT(H16^2+I16^2)*K_2)^2+(SQRT(H16^2+I16^2)/SQRT(3)/Vo/Nm*H16/SQRT(H16^2+I16^2)*K_2)^2) -> 708.39954 | K16: =Nm*(SQRT(Vi^2*Vo^2/K_2^2-(H16/Nm)^2)-Vo^2*K_1/K_2) -> 1988756 | L16: =IF(ABS(I16)<ABS(K16),I16,K16) -> 1988756 | M16: =IF(H16/1000>$D$23,$D$23,H16/1000) -> 2414.4591 | N16: =L16/1000 -> 1988.756 | O16: =I16/1000 -> 3642.8862 | P16: =J16*1.43+10 -> 1023.0113 | Q16: =SQRT(M16^2+N16^2) -> 3128.0606 | R16: =M16/SQRT(M16^2+N16^2) -> 0.77187095
H17: =$B$22/20+H16 -> 2615763.2 | I17: =Nm*(SQRT(IF(3/K_3^2*Ii^2*Vo^2-(H17/Nm)^2<0.0000000001,0,3/K_3^2*Ii^2*Vo^2-(H17/Nm)^2))+Vo^2/K_3*K_4) -> 3480914.2 | J17: =SQRT(3)*SQRT((Vo/SQRT(3)*K_1+SQRT(H17^2+I17^2)/SQRT(3)/Vo/Nm*I17/SQRT(H17^2+I17^2)*K_2)^2+(SQRT(H17^2+I17^2)/SQRT(3)/Vo/Nm*H17/SQRT(H17^2+I17^2)*K_2)^2) -> 704.67671 | K17: =Nm*(SQRT(Vi^2*Vo^2/K_2^2-(H17/Nm)^2)-Vo^2*K_1/K_2) -> 1968787 | L17: =IF(ABS(I17)<ABS(K17),I17,K17) -> 1968787 | M17: =IF(H17/1000>$D$23,$D$23,H17/1000) -> 2615.7632 | N17: =L17/1000 -> 1968.787 | O17: =I17/1000 -> 3480.9142 | P17: =J17*1.43+10 -> 1017.6877 | Q17: =SQRT(M17^2+N17^2) -> 3273.8875 | R17: =M17/SQRT(M17^2+N17^2) -> 0.79897773
A18: Derating factor for TM | B18: =MIN(B16,B11) -> 1.1831619 | H18: =$B$22/20+H17 -> 2817067.3 | I18: =Nm*(SQRT(IF(3/K_3^2*Ii^2*Vo^2-(H18/Nm)^2<0.0000000001,0,3/K_3^2*Ii^2*Vo^2-(H18/Nm)^2))+Vo^2/K_3*K_4) -> 3295691.9 | J18: =SQRT(3)*SQRT((Vo/SQRT(3)*K_1+SQRT(H18^2+I18^2)/SQRT(3)/Vo/Nm*I18/SQRT(H18^2+I18^2)*K_2)^2+(SQRT(H18^2+I18^2)/SQRT(3)/Vo/Nm*H18/SQRT(H18^2+I18^2)*K_2)^2) -> 700.39524 | K18: =Nm*(SQRT(Vi^2*Vo^2/K_2^2-(H18/Nm)^2)-Vo^2*K_1/K_2) -> 1947202.1 | L18: =IF(ABS(I18)<ABS(K18),I18,K18) -> 1947202.1 | M18: =IF(H18/1000>$D$23,$D$23,H18/1000) -> 2817.0673 | N18: =L18/1000 -> 1947.2021 | O18: =I18/1000 -> 3295.6919 | P18: =J18*1.43+10 -> 1011.5652 | Q18: =SQRT(M18^2+N18^2) -> 3424.5385 | R18: =M18/SQRT(M18^2+N18^2) -> 0.82261224
H19: =$B$22/20+H18 -> 3018371.4 | I19: =Nm*(SQRT(IF(3/K_3^2*Ii^2*Vo^2-(H19/Nm)^2<0.0000000001,0,3/K_3^2*Ii^2*Vo^2-(H19/Nm)^2))+Vo^2/K_3*K_4) -> 3082341.6 | J19: =SQRT(3)*SQRT((Vo/SQRT(3)*K_1+SQRT(H19^2+I19^2)/SQRT(3)/Vo/Nm*I19/SQRT(H19^2+I19^2)*K_2)^2+(SQRT(H19^2+I19^2)/SQRT(3)/Vo/Nm*H19/SQRT(H19^2+I19^2)*K_2)^2) -> 695.43092 | K19: =Nm*(SQRT(Vi^2*Vo^2/K_2^2-(H19/Nm)^2)-Vo^2*K_1/K_2) -> 1923997 | L19: =IF(ABS(I19)<ABS(K19),I19,K19) -> 1923997 | M19: =IF(H19/1000>$D$23,$D$23,H19/1000) -> 3018.3714 | N19: =L19/1000 -> 1923.997 | O19: =I19/1000 -> 3082.3416 | P19: =J19*1.43+10 -> 1004.4662 | Q19: =SQRT(M19^2+N19^2) -> 3579.4316 | R19: =M19/SQRT(M19^2+N19^2) -> 0.84325439
A20: Vi_max (V) | B20: =($D$8)/Vac_to_Vdc -> 665.38462 | H20: =$B$22/20+H19 -> 3219675.6 | I20: =Nm*(SQRT(IF(3/K_3^2*Ii^2*Vo^2-(H20/Nm)^2<0.0000000001,0,3/K_3^2*Ii^2*Vo^2-(H20/Nm)^2))+Vo^2/K_3*K_4) -> 2833365.4 | J20: =SQRT(3)*SQRT((Vo/SQRT(3)*K_1+SQRT(H20^2+I20^2)/SQRT(3)/Vo/Nm*I20/SQRT(H20^2+I20^2)*K_2)^2+(SQRT(H20^2+I20^2)/SQRT(3)/Vo/Nm*H20/SQRT(H20^2+I20^2)*K_2)^2) -> 689.59245 | K20: =Nm*(SQRT(Vi^2*Vo^2/K_2^2-(H20/Nm)^2)-Vo^2*K_1/K_2) -> 1899167.4 | L20: =IF(ABS(I20)<ABS(K20),I20,K20) -> 1899167.4 | M20: =IF(H20/1000>$D$23,$D$23,H20/1000) -> 3219.6756 | N20: =L20/1000 -> 1899.1674 | O20: =I20/1000 -> 2833.3654 | P20: =J20*1.43+10 -> 996.1172 | Q20: =SQRT(M20^2+N20^2) -> 3738.0674 | R20: =M20/SQRT(M20^2+N20^2) -> 0.8613209
A21: Ii (A) | B21: =IF(B25=1,(IF(B9*B10>B18,B18,B9*B10))*Ii_r,B26) -> 1242.32 | H21: =$B$22/80+H20 -> 3270001.6 | I21: =Nm*(SQRT(IF(3/K_3^2*Ii^2*Vo^2-(H21/Nm)^2<0.0000000001,0,3/K_3^2*Ii^2*Vo^2-(H21/Nm)^2))+Vo^2/K_3*K_4) -> 2764251.7 | J21: =SQRT(3)*SQRT((Vo/SQRT(3)*K_1+SQRT(H21^2+I21^2)/SQRT(3)/Vo/Nm*I21/SQRT(H21^2+I21^2)*K_2)^2+(SQRT(H21^2+I21^2)/SQRT(3)/Vo/Nm*H21/SQRT(H21^2+I21^2)*K_2)^2) -> 687.96295 | K21: =Nm*(SQRT(Vi^2*Vo^2/K_2^2-(H21/Nm)^2)-Vo^2*K_1/K_2) -> 1892705.7 | L21: =IF(ABS(I21)<ABS(K21),I21,K21) -> 1892705.7 | M21: =IF(H21/1000>$D$23,$D$23,H21/1000) -> 3270.0016 | N21: =L21/1000 -> 1892.7057 | O21: =I21/1000 -> 2764.2517 | P21: =J21*1.43+10 -> 993.78702 | Q21: =SQRT(M21^2+N21^2) -> 3778.2595 | R21: =M21/SQRT(M21^2+N21^2) -> 0.86547829
A22: S_max (VA) | B22: =Nm*SQRT(3)*Vo*Ii/K_3^2 -> 4026082.3 | C22: S_base (kVA) | D22: =B22/1000 -> 4026.0823 | H22: =$B$22/80+H21 -> 3320327.6 | I22: =Nm*(SQRT(IF(3/K_3^2*Ii^2*Vo^2-(H22/Nm)^2<0.0000000001,0,3/K_3^2*Ii^2*Vo^2-(H22/Nm)^2))+Vo^2/K_3*K_4) -> 2691900.2 | J22: =SQRT(3)*SQRT((Vo/SQRT(3)*K_1+SQRT(H22^2+I22^2)/SQRT(3)/Vo/Nm*I22/SQRT(H22^2+I22^2)*K_2)^2+(SQRT(H22^2+I22^2)/SQRT(3)/Vo/Nm*H22/SQRT(H22^2+I22^2)*K_2)^2) -> 686.25297 | K22: =Nm*(SQRT(Vi^2*Vo^2/K_2^2-(H22/Nm)^2)-Vo^2*K_1/K_2) -> 1886142 | L22: =IF(ABS(I22)<ABS(K22),I22,K22) -> 1886142 | M22: =IF(H22/1000>$D$23,$D$23,H22/1000) -> 3320.3276 | N22: =L22/1000 -> 1886.142 | O22: =I22/1000 -> 2691.9002 | P22: =J22*1.43+10 -> 991.34175 | Q22: =SQRT(M22^2+N22^2) -> 3818.6525 | R22: =M22/SQRT(M22^2+N22^2) -> 0.86950243
A23: Prated (W) | B23: =Vo*Ii*SQRT(3)*Nm -> 4002276.1 | C23: Prated (kW) | D23: =B23/1000 -> 4002.2761 | H23: =$B$22/80+H22 -> 3370653.6 | I23: =Nm*(SQRT(IF(3/K_3^2*Ii^2*Vo^2-(H23/Nm)^2<0.0000000001,0,3/K_3^2*Ii^2*Vo^2-(H23/Nm)^2))+Vo^2/K_3*K_4) -> 2615988.4 | J23: =SQRT(3)*SQRT((Vo/SQRT(3)*K_1+SQRT(H23^2+I23^2)/SQRT(3)/Vo/Nm*I23/SQRT(H23^2+I23^2)*K_2)^2+(SQRT(H23^2+I23^2)/SQRT(3)/Vo/Nm*H23/SQRT(H23^2+I23^2)*K_2)^2) -> 684.45426 | K23: =Nm*(SQRT(Vi^2*Vo^2/K_2^2-(H23/Nm)^2)-Vo^2*K_1/K_2) -> 1879476.3 | L23: =IF(ABS(I23)<ABS(K23),I23,K23) -> 1879476.3 | M23: =IF(H23/1000>$D$23,$D$23,H23/1000) -> 3370.6536 | N23: =L23/1000 -> 1879.4763 | O23: =I23/1000 -> 2615.9884 | P23: =J23*1.43+10 -> 988.76959 | Q23: =SQRT(M23^2+N23^2) -> 3859.2405 | R23: =M23/SQRT(M23^2+N23^2) -> 0.87339819
H24: =$B$22/80+H23 -> 3420979.7 | I24: =Nm*(SQRT(IF(3/K_3^2*Ii^2*Vo^2-(H24/Nm)^2<0.0000000001,0,3/K_3^2*Ii^2*Vo^2-(H24/Nm)^2))+Vo^2/K_3*K_4) -> 2536130.4 | J24: =SQRT(3)*SQRT((Vo/SQRT(3)*K_1+SQRT(H24^2+I24^2)/SQRT(3)/Vo/Nm*I24/SQRT(H24^2+I24^2)*K_2)^2+(SQRT(H24^2+I24^2)/SQRT(3)/Vo/Nm*H24/SQRT(H24^2+I24^2)*K_2)^2) -> 682.55692 | K24: =Nm*(SQRT(Vi^2*Vo^2/K_2^2-(H24/Nm)^2)-Vo^2*K_1/K_2) -> 1872708.5 | L24: =IF(ABS(I24)<ABS(K24),I24,K24) -> 1872708.5 | M24: =IF(H24/1000>$D$23,$D$23,H24/1000) -> 3420.9797 | N24: =L24/1000 -> 1872.7085 | O24: =I24/1000 -> 2536.1304 | P24: =J24*1.43+10 -> 986.05639 | Q24: =SQRT(M24^2+N24^2) -> 3900.0178 | R24: =M24/SQRT(M24^2+N24^2) -> 0.87717027
A25: GPTech Inverter | B25: 1 | H25: =$B$22/80+H24 -> 3471305.7 | I25: =Nm*(SQRT(IF(3/K_3^2*Ii^2*Vo^2-(H25/Nm)^2<0.0000000001,0,3/K_3^2*Ii^2*Vo^2-(H25/Nm)^2))+Vo^2/K_3*K_4) -> 2451857.1 | J25: =SQRT(3)*SQRT((Vo/SQRT(3)*K_1+SQRT(H25^2+I25^2)/SQRT(3)/Vo/Nm*I25/SQRT(H25^2+I25^2)*K_2)^2+(SQRT(H25^2+I25^2)/SQRT(3)/Vo/Nm*H25/SQRT(H25^2+I25^2)*K_2)^2) -> 680.54894 | K25: =Nm*(SQRT(Vi^2*Vo^2/K_2^2-(H25/Nm)^2)-Vo^2*K_1/K_2) -> 1865838.6 | L25: =IF(ABS(I25)<ABS(K25),I25,K25) -> 1865838.6 | M25: =IF(H25/1000>$D$23,$D$23,H25/1000) -> 3471.3057 | N25: =L25/1000 -> 1865.8386 | O25: =I25/1000 -> 2451.8571 | P25: =J25*1.43+10 -> 983.18499 | Q25: =SQRT(M25^2+N25^2) -> 3940.9792 | R25: =M25/SQRT(M25^2+N25^2) -> 0.88082315
A26: Inverter output current (A) | B26: 1250 | H26: =$B$22/80+H25 -> 3521631.7 | I26: =Nm*(SQRT(IF(3/K_3^2*Ii^2*Vo^2-(H26/Nm)^2<0.0000000001,0,3/K_3^2*Ii^2*Vo^2-(H26/Nm)^2))+Vo^2/K_3*K_4) -> 2362589.4 | J26: =SQRT(3)*SQRT((Vo/SQRT(3)*K_1+SQRT(H26^2+I26^2)/SQRT(3)/Vo/Nm*I26/SQRT(H26^2+I26^2)*K_2)^2+(SQRT(H26^2+I26^2)/SQRT(3)/Vo/Nm*H26/SQRT(H26^2+I26^2)*K_2)^2) -> 678.41548 | K26: =Nm*(SQRT(Vi^2*Vo^2/K_2^2-(H26/Nm)^2)-Vo^2*K_1/K_2) -> 1858866.4 | L26: =IF(ABS(I26)<ABS(K26),I26,K26) -> 1858866.4 | M26: =IF(H26/1000>$D$23,$D$23,H26/1000) -> 3521.6317 | N26: =L26/1000 -> 1858.8664 | O26: =I26/1000 -> 2362.5894 | P26: =J26*1.43+10 -> 980.13414 | Q26: =SQRT(M26^2+N26^2) -> 3982.1193 | R26: =M26/SQRT(M26^2+N26^2) -> 0.88436117
H27: =$B$22/80+H26 -> 3571957.8 | I27: =Nm*(SQRT(IF(3/K_3^2*Ii^2*Vo^2-(H27/Nm)^2<0.0000000001,0,3/K_3^2*Ii^2*Vo^2-(H27/Nm)^2))+Vo^2/K_3*K_4) -> 2267596.9 | J27: =SQRT(3)*SQRT((Vo/SQRT(3)*K_1+SQRT(H27^2+I27^2)/SQRT(3)/Vo/Nm*I27/SQRT(H27^2+I27^2)*K_2)^2+(SQRT(H27^2+I27^2)/SQRT(3)/Vo/Nm*H27/SQRT(H27^2+I27^2)*K_2)^2) -> 676.13781 | K27: =Nm*(SQRT(Vi^2*Vo^2/K_2^2-(H27/Nm)^2)-Vo^2*K_1/K_2) -> 1851792 | L27: =IF(ABS(I27)<ABS(K27),I27,K27) -> 1851792 | M27: =IF(H27/1000>$D$23,$D$23,H27/1000) -> 3571.9578 | N27: =L27/1000 -> 1851.792 | O27: =I27/1000 -> 2267.5969 | P27: =J27*1.43+10 -> 976.87707 | Q27: =SQRT(M27^2+N27^2) -> 4023.4333 | R27: =M27/SQRT(M27^2+N27^2) -> 0.88778848
A28: Set Point Calculation Tool (@Tmax) | C28: Vdc_limited? | D28: 2 | H28: =$B$22/80+H27 -> 3622283.8 | I28: =Nm*(SQRT(IF(3/K_3^2*Ii^2*Vo^2-(H28/Nm)^2<0.0000000001,0,3/K_3^2*Ii^2*Vo^2-(H28/Nm)^2))+Vo^2/K_3*K_4) -> 2165937 | J28: =SQRT(3)*SQRT((Vo/SQRT(3)*K_1+SQRT(H28^2+I28^2)/SQRT(3)/Vo/Nm*I28/SQRT(H28^2+I28^2)*K_2)^2+(SQRT(H28^2+I28^2)/SQRT(3)/Vo/Nm*H28/SQRT(H28^2+I28^2)*K_2)^2) -> 673.69174 | K28: =Nm*(SQRT(Vi^2*Vo^2/K_2^2-(H28/Nm)^2)-Vo^2*K_1/K_2) -> 1844615.1 | L28: =IF(ABS(I28)<ABS(K28),I28,K28) -> 1844615.1 | M28: =IF(H28/1000>$D$23,$D$23,H28/1000) -> 3622.2838 | N28: =L28/1000 -> 1844.6151 | O28: =I28/1000 -> 2165.937 | P28: =J28*1.43+10 -> 973.37918 | Q28: =SQRT(M28^2+N28^2) -> 4064.9163 | R28: =M28/SQRT(M28^2+N28^2) -> 0.89110907
A29: P | B29: 2846 | C29: =IF(B29>D23,D23,B29) -> 2846 | H29: =$B$22/80+H28 -> 3672609.8 | I29: =Nm*(SQRT(IF(3/K_3^2*Ii^2*Vo^2-(H29/Nm)^2<0.0000000001,0,3/K_3^2*Ii^2*Vo^2-(H29/Nm)^2))+Vo^2/K_3*K_4) -> 2056355.2 | J29: =SQRT(3)*SQRT((Vo/SQRT(3)*K_1+SQRT(H29^2+I29^2)/SQRT(3)/Vo/Nm*I29/SQRT(H29^2+I29^2)*K_2)^2+(SQRT(H29^2+I29^2)/SQRT(3)/Vo/Nm*H29/SQRT(H29^2+I29^2)*K_2)^2) -> 671.04507 | K29: =Nm*(SQRT(Vi^2*Vo^2/K_2^2-(H29/Nm)^2)-Vo^2*K_1/K_2) -> 1837335.7 | L29: =IF(ABS(I29)<ABS(K29),I29,K29) -> 1837335.7 | M29: =IF(H29/1000>$D$23,$D$23,H29/1000) -> 3672.6098 | N29: =L29/1000 -> 1837.3357 | O29: =I29/1000 -> 2056.3552 | P29: =J29*1.43+10 -> 969.59445 | Q29: =SQRT(M29^2+N29^2) -> 4106.5637 | R29: =M29/SQRT(M29^2+N29^2) -> 0.89432676
B30: Q_ind_lim | C30: =Nm/1000*(-SQRT(3/K_3^2*Ii^2*Vo^2-($C$29*1000/Nm)^2)+Vo^2*K_4/K_3) -> -2394.8244 | H30: =$B$22/80+H29 -> 3722935.9 | I30: =Nm*(SQRT(IF(3/K_3^2*Ii^2*Vo^2-(H30/Nm)^2<0.0000000001,0,3/K_3^2*Ii^2*Vo^2-(H30/Nm)^2))+Vo^2/K_3*K_4) -> 1937117.4 | J30: =SQRT(3)*SQRT((Vo/SQRT(3)*K_1+SQRT(H30^2+I30^2)/SQRT(3)/Vo/Nm*I30/SQRT(H30^2+I30^2)*K_2)^2+(SQRT(H30^2+I30^2)/SQRT(3)/Vo/Nm*H30/SQRT(H30^2+I30^2)*K_2)^2) -> 668.15328 | K30: =Nm*(SQRT(Vi^2*Vo^2/K_2^2-(H30/Nm)^2)-Vo^2*K_1/K_2) -> 1829953.7 | L30: =IF(ABS(I30)<ABS(K30),I30,K30) -> 1829953.7 | M30: =IF(H30/1000>$D$23,$D$23,H30/1000) -> 3722.9359 | N30: =L30/1000 -> 1829.9537 | O30: =I30/1000 -> 1937.1174 | P30: =J30*1.43+10 -> 965.45919 | Q30: =SQRT(M30^2+N30^2) -> 4148.371 | R30: =M30/SQRT(M30^2+N30^2) -> 0.89744525
B31: Q_cap_lim | C31: =Nm/1000*IF(D28=1,MIN(SQRT(3/K_3^2*Ii^2*Vo^2-($C$29*1000/Nm)^2)+Vo^2*K_4/K_3,SQRT(Vi^2*Vo^2/K_2^2-($C$29*1000/Nm)^2)-Vo^2*K_1/K_2),SQRT(3/K_3^2*Ii^2*Vo^2-($C$29*1000/Nm)^2)+Vo^2*K_4/K_3) -> 3266.8988 | H31: =$B$22/80+H30 -> 3773261.9 | I31: =Nm*(SQRT(IF(3/K_3^2*Ii^2*Vo^2-(H31/Nm)^2<0.0000000001,0,3/K_3^2*Ii^2*Vo^2-(H31/Nm)^2))+Vo^2/K_3*K_4) -> 1805704.3 | J31: =SQRT(3)*SQRT((Vo/SQRT(3)*K_1+SQRT(H31^2+I31^2)/SQRT(3)/Vo/Nm*I31/SQRT(H31^2+I31^2)*K_2)^2+(SQRT(H31^2+I31^2)/SQRT(3)/Vo/Nm*H31/SQRT(H31^2+I31^2)*K_2)^2) -> 664.95164 | K31: =Nm*(SQRT(Vi^2*Vo^2/K_2^2-(H31/Nm)^2)-Vo^2*K_1/K_2) -> 1822469.1 | L31: =IF(ABS(I31)<ABS(K31),I31,K31) -> 1805704.3 | M31: =IF(H31/1000>$D$23,$D$23,H31/1000) -> 3773.2619 | N31: =L31/1000 -> 1805.7043 | O31: =I31/1000 -> 1805.7043 | P31: =J31*1.43+10 -> 960.88084 | Q31: =SQRT(M31^2+N31^2) -> 4183.0698 | R31: =M31/SQRT(M31^2+N31^2) -> 0.90203177
A32: Q | B32: 0 | C32: =IF(B32<C30,C30,IF(B32>C31,C31,B32)) -> 0 | H32: =$B$22/80+H31 -> 3823587.9 | I32: =Nm*(SQRT(IF(3/K_3^2*Ii^2*Vo^2-(H32/Nm)^2<0.0000000001,0,3/K_3^2*Ii^2*Vo^2-(H32/Nm)^2))+Vo^2/K_3*K_4) -> 1658194.6 | J32: =SQRT(3)*SQRT((Vo/SQRT(3)*K_1+SQRT(H32^2+I32^2)/SQRT(3)/Vo/Nm*I32/SQRT(H32^2+I32^2)*K_2)^2+(SQRT(H32^2+I32^2)/SQRT(3)/Vo/Nm*H32/SQRT(H32^2+I32^2)*K_2)^2) -> 661.33937 | K32: =Nm*(SQRT(Vi^2*Vo^2/K_2^2-(H32/Nm)^2)-Vo^2*K_1/K_2) -> 1814881.7 | L32: =IF(ABS(I32)<ABS(K32),I32,K32) -> 1658194.6 | M32: =IF(H32/1000>$D$23,$D$23,H32/1000) -> 3823.5879 | N32: =L32/1000 -> 1658.1946 | O32: =I32/1000 -> 1658.1946 | P32: =J32*1.43+10 -> 955.71529 | Q32: =SQRT(M32^2+N32^2) -> 4167.6653 | R32: =M32/SQRT(M32^2+N32^2) -> 0.91744122
A33: PF | B33: =C29/SQRT(C29^2+C32^2) -> 1 | C33: Io(P,Q) (A) | D33: =SQRT(C29^2+C32^2)/(SQRT(3)*Vo)*1000 -> 2650.224 | H33: =$B$22/80+H32 -> 3873913.9 | I33: =Nm*(SQRT(IF(3/K_3^2*Ii^2*Vo^2-(H33/Nm)^2<0.0000000001,0,3/K_3^2*Ii^2*Vo^2-(H33/Nm)^2))+Vo^2/K_3*K_4) -> 1487837.6 | J33: =SQRT(3)*SQRT((Vo/SQRT(3)*K_1+SQRT(H33^2+I33^2)/SQRT(3)/Vo/Nm*I33/SQRT(H33^2+I33^2)*K_2)^2+(SQRT(H33^2+I33^2)/SQRT(3)/Vo/Nm*H33/SQRT(H33^2+I33^2)*K_2)^2) -> 657.1429 | K33: =Nm*(SQRT(Vi^2*Vo^2/K_2^2-(H33/Nm)^2)-Vo^2*K_1/K_2) -> 1807191.5 | L33: =IF(ABS(I33)<ABS(K33),I33,K33) -> 1487837.6 | M33: =IF(H33/1000>$D$23,$D$23,H33/1000) -> 3873.9139 | N33: =L33/1000 -> 1487.8376 | O33: =I33/1000 -> 1487.8376 | P33: =J33*1.43+10 -> 949.71434 | Q33: =SQRT(M33^2+N33^2) -> 4149.8036 | R33: =M33/SQRT(M33^2+N33^2) -> 0.93351742
A34: Vdc_min(V) | B34: =Vdc_offset+Vac_to_Vdc*SQRT(3)*SQRT(K_1^2*Vo^2/3+K_2^2/3*($C$29^2+$C$32^2)*1000^2/Vo^2/Nm^2+2/3*K_1*K_2*$C$32*1000/Nm) -> 889.39553 | H34: =$B$22/80+H33 -> 3924240 | I34: =Nm*(SQRT(IF(3/K_3^2*Ii^2*Vo^2-(H34/Nm)^2<0.0000000001,0,3/K_3^2*Ii^2*Vo^2-(H34/Nm)^2))+Vo^2/K_3*K_4) -> 1280924.1 | J34: =SQRT(3)*SQRT((Vo/SQRT(3)*K_1+SQRT(H34^2+I34^2)/SQRT(3)/Vo/Nm*I34/SQRT(H34^2+I34^2)*K_2)^2+(SQRT(H34^2+I34^2)/SQRT(3)/Vo/Nm*H34/SQRT(H34^2+I34^2)*K_2)^2) -> 652.0096 | K34: =Nm*(SQRT(Vi^2*Vo^2/K_2^2-(H34/Nm)^2)-Vo^2*K_1/K_2) -> 1799398.2 | L34: =IF(ABS(I34)<ABS(K34),I34,K34) -> 1280924.1 | M34: =IF(H34/1000>$D$23,$D$23,H34/1000) -> 3924.24 | N34: =L34/1000 -> 1280.9241 | O34: =I34/1000 -> 1280.9241 | P34: =J34*1.43+10 -> 942.37372 | Q34: =SQRT(M34^2+N34^2) -> 4128.0051 | R34: =M34/SQRT(M34^2+N34^2) -> 0.95063836
A35: Vac_max(V) | B35: =SQRT(3)*SQRT(K_1^2*Vo^2/3+K_2^2/3*($C$29^2+$C$32^2)*1000^2/Vo^2/Nm^2+2/3*K_1*K_2*$C$32*1000/Nm) -> 614.96191 | H35: =$B$22/80+H34 -> 3974566 | I35: =Nm*(SQRT(IF(3/K_3^2*Ii^2*Vo^2-(H35/Nm)^2<0.0000000001,0,3/K_3^2*Ii^2*Vo^2-(H35/Nm)^2))+Vo^2/K_3*K_4) -> 998459.08 | J35: =SQRT(3)*SQRT((Vo/SQRT(3)*K_1+SQRT(H35^2+I35^2)/SQRT(3)/Vo/Nm*I35/SQRT(H35^2+I35^2)*K_2)^2+(SQRT(H35^2+I35^2)/SQRT(3)/Vo/Nm*H35/SQRT(H35^2+I35^2)*K_2)^2) -> 644.93598 | K35: =Nm*(SQRT(Vi^2*Vo^2/K_2^2-(H35/Nm)^2)-Vo^2*K_1/K_2) -> 1791502 | L35: =IF(ABS(I35)<ABS(K35),I35,K35) -> 998459.08 | M35: =IF(H35/1000>$D$23,$D$23,H35/1000) -> 3974.566 | N35: =L35/1000 -> 998.45908 | O35: =I35/1000 -> 998.45908 | P35: =J35*1.43+10 -> 932.25846 | Q35: =SQRT(M35^2+N35^2) -> 4098.06 | R35: =M35/SQRT(M35^2+N35^2) -> 0.96986526
H36: =$B$22/80+H35 -> 4024892 | I36: =Nm*(SQRT(IF(3/K_3^2*Ii^2*Vo^2-(H36/Nm)^2<0.0000000001,0,3/K_3^2*Ii^2*Vo^2-(H36/Nm)^2))+Vo^2/K_3*K_4) -> 436037.21 | J36: =SQRT(3)*SQRT((Vo/SQRT(3)*K_1+SQRT(H36^2+I36^2)/SQRT(3)/Vo/Nm*I36/SQRT(H36^2+I36^2)*K_2)^2+(SQRT(H36^2+I36^2)/SQRT(3)/Vo/Nm*H36/SQRT(H36^2+I36^2)*K_2)^2) -> 630.66198 | K36: =Nm*(SQRT(Vi^2*Vo^2/K_2^2-(H36/Nm)^2)-Vo^2*K_1/K_2) -> 1783502.6 | L36: =IF(ABS(I36)<ABS(K36),I36,K36) -> 436037.21 | M36: =IF(H36/1000>$D$23,$D$23,H36/1000) -> 4002.2761 | N36: =L36/1000 -> 436.03721 | O36: =I36/1000 -> 436.03721 | P36: =J36*1.43+10 -> 911.84664 | Q36: =SQRT(M36^2+N36^2) -> 4025.9586 | R36: =M36/SQRT(M36^2+N36^2) -> 0.99411756
H37: =-$B$22/80+H36 -> 3974566 | I37: =Nm*(-SQRT(IF(3/K_3^2*Ii^2*Vo^2-(H37/Nm)^2<0.0000000001,0,3/K_3^2*Ii^2*Vo^2-(H37/Nm)^2))+Vo^2/K_3*K_4) -> -126384.66 | J37: =SQRT(3)*SQRT((Vo/SQRT(3)*K_1+SQRT(H37^2+I37^2)/SQRT(3)/Vo/Nm*I37/SQRT(H37^2+I37^2)*K_2)^2+(SQRT(H37^2+I37^2)/SQRT(3)/Vo/Nm*H37/SQRT(H37^2+I37^2)*K_2)^2) -> 615.96184 | K37: =Nm*(-SQRT(Vi^2*Vo^2/K_2^2-(H37/Nm)^2)-Vo^2*K_1/K_2) -> -48542860 | L37: =IF(ABS(I37)<ABS(K37),I37,K37) -> -126384.66 | M37: =IF(H37/1000>$D$23,$D$23,H37/1000) -> 3974.566 | N37: =L37/1000 -> -126.38466 | O37: =I37/1000 -> -126.38466 | P37: =J37*1.43+10 -> 890.82543 | Q37: =SQRT(M37^2+N37^2) -> 3976.5749 | R37: =M37/SQRT(M37^2+N37^2) -> 0.99949482
H38: =-$B$22/80+H37 -> 3924240 | I38: =Nm*(-SQRT(IF(3/K_3^2*Ii^2*Vo^2-(H38/Nm)^2<0.0000000001,0,3/K_3^2*Ii^2*Vo^2-(H38/Nm)^2))+Vo^2/K_3*K_4) -> -408849.7 | J38: =SQRT(3)*SQRT((Vo/SQRT(3)*K_1+SQRT(H38^2+I38^2)/SQRT(3)/Vo/Nm*I38/SQRT(H38^2+I38^2)*K_2)^2+(SQRT(H38^2+I38^2)/SQRT(3)/Vo/Nm*H38/SQRT(H38^2+I38^2)*K_2)^2) -> 608.46931 | K38: =Nm*(-SQRT(Vi^2*Vo^2/K_2^2-(H38/Nm)^2)-Vo^2*K_1/K_2) -> -48550756 | L38: =IF(ABS(I38)<ABS(K38),I38,K38) -> -408849.7 | M38: =IF(H38/1000>$D$23,$D$23,H38/1000) -> 3924.24 | N38: =L38/1000 -> -408.8497 | O38: =I38/1000 -> -408.8497 | P38: =J38*1.43+10 -> 880.11111 | Q38: =SQRT(M38^2+N38^2) -> 3945.4806 | R38: =M38/SQRT(M38^2+N38^2) -> 0.99461646
H39: =-$B$22/80+H38 -> 3873913.9 | I39: =Nm*(-SQRT(IF(3/K_3^2*Ii^2*Vo^2-(H39/Nm)^2<0.0000000001,0,3/K_3^2*Ii^2*Vo^2-(H39/Nm)^2))+Vo^2/K_3*K_4) -> -615763.16 | J39: =SQRT(3)*SQRT((Vo/SQRT(3)*K_1+SQRT(H39^2+I39^2)/SQRT(3)/Vo/Nm*I39/SQRT(H39^2+I39^2)*K_2)^2+(SQRT(H39^2+I39^2)/SQRT(3)/Vo/Nm*H39/SQRT(H39^2+I39^2)*K_2)^2) -> 602.92174 | K39: =Nm*(-SQRT(Vi^2*Vo^2/K_2^2-(H39/Nm)^2)-Vo^2*K_1/K_2) -> -48558549 | L39: =IF(ABS(I39)<ABS(K39),I39,K39) -> -615763.16 | M39: =IF(H39/1000>$D$23,$D$23,H39/1000) -> 3873.9139 | N39: =L39/1000 -> -615.76316 | O39: =I39/1000 -> -615.76316 | P39: =J39*1.43+10 -> 872.17809 | Q39: =SQRT(M39^2+N39^2) -> 3922.5468 | R39: =M39/SQRT(M39^2+N39^2) -> 0.98760171
H40: =-$B$22/80+H39 -> 3823587.9 | I40: =Nm*(-SQRT(IF(3/K_3^2*Ii^2*Vo^2-(H40/Nm)^2<0.0000000001,0,3/K_3^2*Ii^2*Vo^2-(H40/Nm)^2))+Vo^2/K_3*K_4) -> -786120.19 | J40: =SQRT(3)*SQRT((Vo/SQRT(3)*K_1+SQRT(H40^2+I40^2)/SQRT(3)/Vo/Nm*I40/SQRT(H40^2+I40^2)*K_2)^2+(SQRT(H40^2+I40^2)/SQRT(3)/Vo/Nm*H40/SQRT(H40^2+I40^2)*K_2)^2) -> 598.31568 | K40: =Nm*(-SQRT(Vi^2*Vo^2/K_2^2-(H40/Nm)^2)-Vo^2*K_1/K_2) -> -48566240 | L40: =IF(ABS(I40)<ABS(K40),I40,K40) -> -786120.19 | M40: =IF(H40/1000>$D$23,$D$23,H40/1000) -> 3823.5879 | N40: =L40/1000 -> -786.12019 | O40: =I40/1000 -> -786.12019 | P40: =J40*1.43+10 -> 865.59142 | Q40: =SQRT(M40^2+N40^2) -> 3903.5637 | R40: =M40/SQRT(M40^2+N40^2) -> 0.97951211
H41: =-$B$22/80+H40 -> 3773261.9 | I41: =Nm*(-SQRT(IF(3/K_3^2*Ii^2*Vo^2-(H41/Nm)^2<0.0000000001,0,3/K_3^2*Ii^2*Vo^2-(H41/Nm)^2))+Vo^2/K_3*K_4) -> -933629.9 | J41: =SQRT(3)*SQRT((Vo/SQRT(3)*K_1+SQRT(H41^2+I41^2)/SQRT(3)/Vo/Nm*I41/SQRT(H41^2+I41^2)*K_2)^2+(SQRT(H41^2+I41^2)/SQRT(3)/Vo/Nm*H41/SQRT(H41^2+I41^2)*K_2)^2) -> 594.29852 | K41: =Nm*(-SQRT(Vi^2*Vo^2/K_2^2-(H41/Nm)^2)-Vo^2*K_1/K_2) -> -48573827 | L41: =IF(ABS(I41)<ABS(K41),I41,K41) -> -933629.9 | M41: =IF(H41/1000>$D$23,$D$23,H41/1000) -> 3773.2619 | N41: =L41/1000 -> -933.6299 | O41: =I41/1000 -> -933.6299 | P41: =J41*1.43+10 -> 859.84689 | Q41: =SQRT(M41^2+N41^2) -> 3887.0516 | R41: =M41/SQRT(M41^2+N41^2) -> 0.97072596
H42: =-$B$22/80+H41 -> 3722935.9 | I42: =Nm*(-SQRT(IF(3/K_3^2*Ii^2*Vo^2-(H42/Nm)^2<0.0000000001,0,3/K_3^2*Ii^2*Vo^2-(H42/Nm)^2))+Vo^2/K_3*K_4) -> -1065043 | J42: =SQRT(3)*SQRT((Vo/SQRT(3)*K_1+SQRT(H42^2+I42^2)/SQRT(3)/Vo/Nm*I42/SQRT(H42^2+I42^2)*K_2)^2+(SQRT(H42^2+I42^2)/SQRT(3)/Vo/Nm*H42/SQRT(H42^2+I42^2)*K_2)^2) -> 590.69672 | K42: =Nm*(-SQRT(Vi^2*Vo^2/K_2^2-(H42/Nm)^2)-Vo^2*K_1/K_2) -> -48581312 | L42: =IF(ABS(I42)<ABS(K42),I42,K42) -> -1065043 | M42: =IF(H42/1000>$D$23,$D$23,H42/1000) -> 3722.9359 | N42: =L42/1000 -> -1065.043 | O42: =I42/1000 -> -1065.043 | P42: =J42*1.43+10 -> 854.69631 | Q42: =SQRT(M42^2+N42^2) -> 3872.282 | R42: =M42/SQRT(M42^2+N42^2) -> 0.961432
H43: =-$B$22/80+H42 -> 3672609.8 | I43: =Nm*(-SQRT(IF(3/K_3^2*Ii^2*Vo^2-(H43/Nm)^2<0.0000000001,0,3/K_3^2*Ii^2*Vo^2-(H43/Nm)^2))+Vo^2/K_3*K_4) -> -1184280.8 | J43: =SQRT(3)*SQRT((Vo/SQRT(3)*K_1+SQRT(H43^2+I43^2)/SQRT(3)/Vo/Nm*I43/SQRT(H43^2+I43^2)*K_2)^2+(SQRT(H43^2+I43^2)/SQRT(3)/Vo/Nm*H43/SQRT(H43^2+I43^2)*K_2)^2) -> 587.40951 | K43: =Nm*(-SQRT(Vi^2*Vo^2/K_2^2-(H43/Nm)^2)-Vo^2*K_1/K_2) -> -48588694 | L43: =IF(ABS(I43)<ABS(K43),I43,K43) -> -1184280.8 | M43: =IF(H43/1000>$D$23,$D$23,H43/1000) -> 3672.6098 | N43: =L43/1000 -> -1184.2808 | O43: =I43/1000 -> -1184.2808 | P43: =J43*1.43+10 -> 849.99559 | Q43: =SQRT(M43^2+N43^2) -> 3858.8319 | R43: =M43/SQRT(M43^2+N43^2) -> 0.95174133
H44: =-$B$22/80+H43 -> 3622283.8 | I44: =Nm*(-SQRT(IF(3/K_3^2*Ii^2*Vo^2-(H44/Nm)^2<0.0000000001,0,3/K_3^2*Ii^2*Vo^2-(H44/Nm)^2))+Vo^2/K_3*K_4) -> -1293862.6 | J44: =SQRT(3)*SQRT((Vo/SQRT(3)*K_1+SQRT(H44^2+I44^2)/SQRT(3)/Vo/Nm*I44/SQRT(H44^2+I44^2)*K_2)^2+(SQRT(H44^2+I44^2)/SQRT(3)/Vo/Nm*H44/SQRT(H44^2+I44^2)*K_2)^2) -> 584.37219 | K44: =Nm*(-SQRT(Vi^2*Vo^2/K_2^2-(H44/Nm)^2)-Vo^2*K_1/K_2) -> -48595973 | L44: =IF(ABS(I44)<ABS(K44),I44,K44) -> -1293862.6 | M44: =IF(H44/1000>$D$23,$D$23,H44/1000) -> 3622.2838 | N44: =L44/1000 -> -1293.8626 | O44: =I44/1000 -> -1293.8626 | P44: =J44*1.43+10 -> 845.65223 | Q44: =SQRT(M44^2+N44^2) -> 3846.4296 | R44: =M44/SQRT(M44^2+N44^2) -> 0.94172628
H45: =-$B$22/80+H44 -> 3571957.8 | I45: =Nm*(-SQRT(IF(3/K_3^2*Ii^2*Vo^2-(H45/Nm)^2<0.0000000001,0,3/K_3^2*Ii^2*Vo^2-(H45/Nm)^2))+Vo^2/K_3*K_4) -> -1395522.5 | J45: =SQRT(3)*SQRT((Vo/SQRT(3)*K_1+SQRT(H45^2+I45^2)/SQRT(3)/Vo/Nm*I45/SQRT(H45^2+I45^2)*K_2)^2+(SQRT(H45^2+I45^2)/SQRT(3)/Vo/Nm*H45/SQRT(H45^2+I45^2)*K_2)^2) -> 581.54026 | K45: =Nm*(-SQRT(Vi^2*Vo^2/K_2^2-(H45/Nm)^2)-Vo^2*K_1/K_2) -> -48603150 | L45: =IF(ABS(I45)<ABS(K45),I45,K45) -> -1395522.5 | M45: =IF(H45/1000>$D$23,$D$23,H45/1000) -> 3571.9578 | N45: =L45/1000 -> -1395.5225 | O45: =I45/1000 -> -1395.5225 | P45: =J45*1.43+10 -> 841.60258 | Q45: =SQRT(M45^2+N45^2) -> 3834.8879 | R45: =M45/SQRT(M45^2+N45^2) -> 0.93143733
H46: =-$B$22/80+H45 -> 3521631.7 | I46: =Nm*(-SQRT(IF(3/K_3^2*Ii^2*Vo^2-(H46/Nm)^2<0.0000000001,0,3/K_3^2*Ii^2*Vo^2-(H46/Nm)^2))+Vo^2/K_3*K_4) -> -1490514.9 | J46: =SQRT(3)*SQRT((Vo/SQRT(3)*K_1+SQRT(H46^2+I46^2)/SQRT(3)/Vo/Nm*I46/SQRT(H46^2+I46^2)*K_2)^2+(SQRT(H46^2+I46^2)/SQRT(3)/Vo/Nm*H46/SQRT(H46^2+I46^2)*K_2)^2) -> 578.88155 | K46: =Nm*(-SQRT(Vi^2*Vo^2/K_2^2-(H46/Nm)^2)-Vo^2*K_1/K_2) -> -48610224 | L46: =IF(ABS(I46)<ABS(K46),I46,K46) -> -1490514.9 | M46: =IF(H46/1000>$D$23,$D$23,H46/1000) -> 3521.6317 | N46: =L46/1000 -> -1490.5149 | O46: =I46/1000 -> -1490.5149 | P46: =J46*1.43+10 -> 837.80062 | Q46: =SQRT(M46^2+N46^2) -> 3824.0718 | R46: =M46/SQRT(M46^2+N46^2) -> 0.92091152
H47: =-$B$22/80+H46 -> 3471305.7 | I47: =Nm*(-SQRT(IF(3/K_3^2*Ii^2*Vo^2-(H47/Nm)^2<0.0000000001,0,3/K_3^2*Ii^2*Vo^2-(H47/Nm)^2))+Vo^2/K_3*K_4) -> -1579782.7 | J47: =SQRT(3)*SQRT((Vo/SQRT(3)*K_1+SQRT(H47^2+I47^2)/SQRT(3)/Vo/Nm*I47/SQRT(H47^2+I47^2)*K_2)^2+(SQRT(H47^2+I47^2)/SQRT(3)/Vo/Nm*H47/SQRT(H47^2+I47^2)*K_2)^2) -> 576.37188 | K47: =Nm*(-SQRT(Vi^2*Vo^2/K_2^2-(H47/Nm)^2)-Vo^2*K_1/K_2) -> -48617197 | L47: =IF(ABS(I47)<ABS(K47),I47,K47) -> -1579782.7 | M47: =IF(H47/1000>$D$23,$D$23,H47/1000) -> 3471.3057 | N47: =L47/1000 -> -1579.7827 | O47: =I47/1000 -> -1579.7827 | P47: =J47*1.43+10 -> 834.2118 | Q47: =SQRT(M47^2+N47^2) -> 3813.8795 | R47: =M47/SQRT(M47^2+N47^2) -> 0.91017708
H48: =-$B$22/80+H47 -> 3420979.7 | I48: =Nm*(-SQRT(IF(3/K_3^2*Ii^2*Vo^2-(H48/Nm)^2<0.0000000001,0,3/K_3^2*Ii^2*Vo^2-(H48/Nm)^2))+Vo^2/K_3*K_4) -> -1664055.9 | J48: =SQRT(3)*SQRT((Vo/SQRT(3)*K_1+SQRT(H48^2+I48^2)/SQRT(3)/Vo/Nm*I48/SQRT(H48^2+I48^2)*K_2)^2+(SQRT(H48^2+I48^2)/SQRT(3)/Vo/Nm*H48/SQRT(H48^2+I48^2)*K_2)^2) -> 573.99257 | K48: =Nm*(-SQRT(Vi^2*Vo^2/K_2^2-(H48/Nm)^2)-Vo^2*K_1/K_2) -> -48624067 | L48: =IF(ABS(I48)<ABS(K48),I48,K48) -> -1664055.9 | M48: =IF(H48/1000>$D$23,$D$23,H48/1000) -> 3420.9797 | N48: =L48/1000 -> -1664.0559 | O48: =I48/1000 -> -1664.0559 | P48: =J48*1.43+10 -> 830.80937 | Q48: =SQRT(M48^2+N48^2) -> 3804.2324 | R48: =M48/SQRT(M48^2+N48^2) -> 0.89925623
... H52: =-$B$22/80+H51 -> 3219675.6 | I52: =Nm*(-SQRT(IF(3/K_3^2*Ii^2*Vo^2-(H52/Nm)^2<0.0000000001,0,3/K_3^2*Ii^2*Vo^2-(H52/Nm)^2))+Vo^2/K_3*K_4) -> -1961291 | J52: =SQRT(3)*SQRT((Vo/SQRT(3)*K_1+SQRT(H52^2+I52^2)/SQRT(3)/Vo/Nm*I52/SQRT(H52^2+I52^2)*K_2)^2+(SQRT(H52^2+I52^2)/SQRT(3)/Vo/Nm*H52/SQRT(H52^2+I52^2)*K_2)^2) -> 565.5207 | K52: =Nm*(-SQRT(Vi^2*Vo^2/K_2^2-(H52/Nm)^2)-Vo^2*K_1/K_2) -> -48650525 | L52: =IF(ABS(I52)<ABS(K52),I52,K52) -> -1961291 | M52: =IF(H52/1000>$D$23,$D$23,H52/1000) -> 3219.6756 | N52: =L52/1000 -> -1961.291 | O52: =I52/1000 -> -1961.291 | P52: =J52*1.43+10 -> 818.69461 | Q52: =SQRT(M52^2+N52^2) -> 3770.0097 | R52: =M52/SQRT(M52^2+N52^2) -> 0.85402315
H53: =-$B$22/20+H52 -> 3018371.4 | I53: =Nm*(-SQRT(IF(3/K_3^2*Ii^2*Vo^2-(H53/Nm)^2<0.0000000001,0,3/K_3^2*Ii^2*Vo^2-(H53/Nm)^2))+Vo^2/K_3*K_4) -> -2210267.2 | J53: =SQRT(3)*SQRT((Vo/SQRT(3)*K_1+SQRT(H53^2+I53^2)/SQRT(3)/Vo/Nm*I53/SQRT(H53^2+I53^2)*K_2)^2+(SQRT(H53^2+I53^2)/SQRT(3)/Vo/Nm*H53/SQRT(H53^2+I53^2)*K_2)^2) -> 558.3254 | K53: =Nm*(-SQRT(Vi^2*Vo^2/K_2^2-(H53/Nm)^2)-Vo^2*K_1/K_2) -> -48675355 | L53: =IF(ABS(I53)<ABS(K53),I53,K53) -> -2210267.2 | M53: =IF(H53/1000>$D$23,$D$23,H53/1000) -> 3018.3714 | N53: =L53/1000 -> -2210.2672 | O53: =I53/1000 -> -2210.2672 | P53: =J53*1.43+10 -> 808.40532 | Q53: =SQRT(M53^2+N53^2) -> 3741.1024 | R53: =M53/SQRT(M53^2+N53^2) -> 0.80681337
H54: =-$B$22/20+H53 -> 2817067.3 | I54: =Nm*(-SQRT(IF(3/K_3^2*Ii^2*Vo^2-(H54/Nm)^2<0.0000000001,0,3/K_3^2*Ii^2*Vo^2-(H54/Nm)^2))+Vo^2/K_3*K_4) -> -2423617.5 | J54: =SQRT(3)*SQRT((Vo/SQRT(3)*K_1+SQRT(H54^2+I54^2)/SQRT(3)/Vo/Nm*I54/SQRT(H54^2+I54^2)*K_2)^2+(SQRT(H54^2+I54^2)/SQRT(3)/Vo/Nm*H54/SQRT(H54^2+I54^2)*K_2)^2) -> 552.08506 | K54: =Nm*(-SQRT(Vi^2*Vo^2/K_2^2-(H54/Nm)^2)-Vo^2*K_1/K_2) -> -48698560 | L54: =IF(ABS(I54)<ABS(K54),I54,K54) -> -2423617.5 | M54: =IF(H54/1000>$D$23,$D$23,H54/1000) -> 2817.0673 | N54: =L54/1000 -> -2423.6175 | O54: =I54/1000 -> -2423.6175 | P54: =J54*1.43+10 -> 799.48164 | Q54: =SQRT(M54^2+N54^2) -> 3716.1526 | R54: =M54/SQRT(M54^2+N54^2) -> 0.75806019
H55: =-$B$22/20+H54 -> 2615763.2 | I55: =Nm*(-SQRT(IF(3/K_3^2*Ii^2*Vo^2-(H55/Nm)^2<0.0000000001,0,3/K_3^2*Ii^2*Vo^2-(H55/Nm)^2))+Vo^2/K_3*K_4) -> -2608839.8 | J55: =SQRT(3)*SQRT((Vo/SQRT(3)*K_1+SQRT(H55^2+I55^2)/SQRT(3)/Vo/Nm*I55/SQRT(H55^2+I55^2)*K_2)^2+(SQRT(H55^2+I55^2)/SQRT(3)/Vo/Nm*H55/SQRT(H55^2+I55^2)*K_2)^2) -> 546.60968 | K55: =Nm*(-SQRT(Vi^2*Vo^2/K_2^2-(H55/Nm)^2)-Vo^2*K_1/K_2) -> -48720145 | L55: =IF(ABS(I55)<ABS(K55),I55,K55) -> -2608839.8 | M55: =IF(H55/1000>$D$23,$D$23,H55/1000) -> 2615.7632 | N55: =L55/1000 -> -2608.8398 | O55: =I55/1000 -> -2608.8398 | P55: =J55*1.43+10 -> 791.65184 | Q55: =SQRT(M55^2+N55^2) -> 3694.3555 | R55: =M55/SQRT(M55^2+N55^2) -> 0.70804318
H56: =-$B$22/20+H55 -> 2414459.1 | I56: =Nm*(-SQRT(IF(3/K_3^2*Ii^2*Vo^2-(H56/Nm)^2<0.0000000001,0,3/K_3^2*Ii^2*Vo^2-(H56/Nm)^2))+Vo^2/K_3*K_4) -> -2770811.8 | J56: =SQRT(3)*SQRT((Vo/SQRT(3)*K_1+SQRT(H56^2+I56^2)/SQRT(3)/Vo/Nm*I56/SQRT(H56^2+I56^2)*K_2)^2+(SQRT(H56^2+I56^2)/SQRT(3)/Vo/Nm*H56/SQRT(H56^2+I56^2)*K_2)^2) -> 541.77625 | K56: =Nm*(-SQRT(Vi^2*Vo^2/K_2^2-(H56/Nm)^2)-Vo^2*K_1/K_2) -> -48740114 | L56: =IF(ABS(I56)<ABS(K56),I56,K56) -> -2770811.8 | M56: =IF(H56/1000>$D$23,$D$23,H56/1000) -> 2414.4591 | N56: =L56/1000 -> -2770.8118 | O56: =I56/1000 -> -2770.8118 | P56: =J56*1.43+10 -> 784.74004 | Q56: =SQRT(M56^2+N56^2) -> 3675.1885 | R56: =M56/SQRT(M56^2+N56^2) -> 0.65696197
H57: =-$B$22/20+H56 -> 2213155 | I57: =Nm*(-SQRT(IF(3/K_3^2*Ii^2*Vo^2-(H57/Nm)^2<0.0000000001,0,3/K_3^2*Ii^2*Vo^2-(H57/Nm)^2))+Vo^2/K_3*K_4) -> -2912908.6 | J57: =SQRT(3)*SQRT((Vo/SQRT(3)*K_1+SQRT(H57^2+I57^2)/SQRT(3)/Vo/Nm*I57/SQRT(H57^2+I57^2)*K_2)^2+(SQRT(H57^2+I57^2)/SQRT(3)/Vo/Nm*H57/SQRT(H57^2+I57^2)*K_2)^2) -> 537.50013 | K57: =Nm*(-SQRT(Vi^2*Vo^2/K_2^2-(H57/Nm)^2)-Vo^2*K_1/K_2) -> -48758471 | L57: =IF(ABS(I57)<ABS(K57),I57,K57) -> -2912908.6 | M57: =IF(H57/1000>$D$23,$D$23,H57/1000) -> 2213.155 | N57: =L57/1000 -> -2912.9086 | O57: =I57/1000 -> -2912.9086 | P57: =J57*1.43+10 -> 778.62518 | Q57: =SQRT(M57^2+N57^2) -> 3658.2908 | R57: =M57/SQRT(M57^2+N57^2) -> 0.60496967
H58: =-$B$22/20+H57 -> 2011850.9 | I58: =Nm*(-SQRT(IF(3/K_3^2*Ii^2*Vo^2-(H58/Nm)^2<0.0000000001,0,3/K_3^2*Ii^2*Vo^2-(H58/Nm)^2))+Vo^2/K_3*K_4) -> -3037570.3 | J58: =SQRT(3)*SQRT((Vo/SQRT(3)*K_1+SQRT(H58^2+I58^2)/SQRT(3)/Vo/Nm*I58/SQRT(H58^2+I58^2)*K_2)^2+(SQRT(H58^2+I58^2)/SQRT(3)/Vo/Nm*H58/SQRT(H58^2+I58^2)*K_2)^2) -> 533.72047 | K58: =Nm*(-SQRT(Vi^2*Vo^2/K_2^2-(H58/Nm)^2)-Vo^2*K_1/K_2) -> -48775219 | L58: =IF(ABS(I58)<ABS(K58),I58,K58) -> -3037570.3 | M58: =IF(H58/1000>$D$23,$D$23,H58/1000) -> 2011.8509 | N58: =L58/1000 -> -3037.5703 | O58: =I58/1000 -> -3037.5703 | P58: =J58*1.43+10 -> 773.22027 | Q58: =SQRT(M58^2+N58^2) -> 3643.4019 | R58: =M58/SQRT(M58^2+N58^2) -> 0.55219021
H59: =-$B$22/20+H58 -> 1810546.7 | I59: =Nm*(-SQRT(IF(3/K_3^2*Ii^2*Vo^2-(H59/Nm)^2<0.0000000001,0,3/K_3^2*Ii^2*Vo^2-(H59/Nm)^2))+Vo^2/K_3*K_4) -> -3146617.4 | J59: =SQRT(3)*SQRT((Vo/SQRT(3)*K_1+SQRT(H59^2+I59^2)/SQRT(3)/Vo/Nm*I59/SQRT(H59^2+I59^2)*K_2)^2+(SQRT(H59^2+I59^2)/SQRT(3)/Vo/Nm*H59/SQRT(H59^2+I59^2)*K_2)^2) -> 530.39216 | K59: =Nm*(-SQRT(Vi^2*Vo^2/K_2^2-(H59/Nm)^2)-Vo^2*K_1/K_2) -> -48790362 | L59: =IF(ABS(I59)<ABS(K59),I59,K59) -> -3146617.4 | M59: =IF(H59/1000>$D$23,$D$23,H59/1000) -> 1810.5467 | N59: =L59/1000 -> -3146.6174 | O59: =I59/1000 -> -3146.6174 | P59: =J59*1.43+10 -> 768.46078 | Q59: =SQRT(M59^2+N59^2) -> 3630.3278 | R59: =M59/SQRT(M59^2+N59^2) -> 0.49872816
H60: =-$B$22/20+H59 -> 1609242.6 | I60: =Nm*(-SQRT(IF(3/K_3^2*Ii^2*Vo^2-(H60/Nm)^2<0.0000000001,0,3/K_3^2*Ii^2*Vo^2-(H60/Nm)^2))+Vo^2/K_3*K_4) -> -3241439 | J60: =SQRT(3)*SQRT((Vo/SQRT(3)*K_1+SQRT(H60^2+I60^2)/SQRT(3)/Vo/Nm*I60/SQRT(H60^2+I60^2)*K_2)^2+(SQRT(H60^2+I60^2)/SQRT(3)/Vo/Nm*H60/SQRT(H60^2+I60^2)*K_2)^2) -> 527.48095 | K60: =Nm*(-SQRT(Vi^2*Vo^2/K_2^2-(H60/Nm)^2)-Vo^2*K_1/K_2) -> -48803902 | L60: =IF(ABS(I60)<ABS(K60),I60,K60) -> -3241439 | M60: =IF(H60/1000>$D$23,$D$23,H60/1000) -> 1609.2426 | N60: =L60/1000 -> -3241.439 | O60: =I60/1000 -> -3241.439 | P60: =J60*1.43+10 -> 764.29776 | Q60: =SQRT(M60^2+N60^2) -> 3618.9209 | R60: =M60/SQRT(M60^2+N60^2) -> 0.44467471
H61: =-$B$22/20+H60 -> 1407938.5 | I61: =Nm*(-SQRT(IF(3/K_3^2*Ii^2*Vo^2-(H61/Nm)^2<0.0000000001,0,3/K_3^2*Ii^2*Vo^2-(H61/Nm)^2))+Vo^2/K_3*K_4) -> -3323111.9 | J61: =SQRT(3)*SQRT((Vo/SQRT(3)*K_1+SQRT(H61^2+I61^2)/SQRT(3)/Vo/Nm*I61/SQRT(H61^2+I61^2)*K_2)^2+(SQRT(H61^2+I61^2)/SQRT(3)/Vo/Nm*H61/SQRT(H61^2+I61^2)*K_2)^2) -> 524.9605 | K61: =Nm*(-SQRT(Vi^2*Vo^2/K_2^2-(H61/Nm)^2)-Vo^2*K_1/K_2) -> -48815842 | L61: =IF(ABS(I61)<ABS(K61),I61,K61) -> -3323111.9 | M61: =IF(H61/1000>$D$23,$D$23,H61/1000) -> 1407.9385 | N61: =L61/1000 -> -3323.1119 | O61: =I61/1000 -> -3323.1119 | P61: =J61*1.43+10 -> 760.69352 | Q61: =SQRT(M61^2+N61^2) -> 3609.0669 | R61: =M61/SQRT(M61^2+N61^2) -> 0.3901115
H62: =-$B$22/20+H61 -> 1206634.4 | I62: =Nm*(-SQRT(IF(3/K_3^2*Ii^2*Vo^2-(H62/Nm)^2<0.0000000001,0,3/K_3^2*Ii^2*Vo^2-(H62/Nm)^2))+Vo^2/K_3*K_4) -> -3392477.7 | J62: =SQRT(3)*SQRT((Vo/SQRT(3)*K_1+SQRT(H62^2+I62^2)/SQRT(3)/Vo/Nm*I62/SQRT(H62^2+I62^2)*K_2)^2+(SQRT(H62^2+I62^2)/SQRT(3)/Vo/Nm*H62/SQRT(H62^2+I62^2)*K_2)^2) -> 522.81031 | K62: =Nm*(-SQRT(Vi^2*Vo^2/K_2^2-(H62/Nm)^2)-Vo^2*K_1/K_2) -> -48826184 | L62: =IF(ABS(I62)<ABS(K62),I62,K62) -> -3392477.7 | M62: =IF(H62/1000>$D$23,$D$23,H62/1000) -> 1206.6344 | N62: =L62/1000 -> -3392.4777 | O62: =I62/1000 -> -3392.4777 | P62: =J62*1.43+10 -> 757.61874 | Q62: =SQRT(M62^2+N62^2) -> 3600.6766 | R62: =M62/SQRT(M62^2+N62^2) -> 0.33511324
H63: =-$B$22/20+H62 -> 1005330.3 | I63: =Nm*(-SQRT(IF(3/K_3^2*Ii^2*Vo^2-(H63/Nm)^2<0.0000000001,0,3/K_3^2*Ii^2*Vo^2-(H63/Nm)^2))+Vo^2/K_3*K_4) -> -3450195.4 | J63: =SQRT(3)*SQRT((Vo/SQRT(3)*K_1+SQRT(H63^2+I63^2)/SQRT(3)/Vo/Nm*I63/SQRT(H63^2+I63^2)*K_2)^2+(SQRT(H63^2+I63^2)/SQRT(3)/Vo/Nm*H63/SQRT(H63^2+I63^2)*K_2)^2) -> 521.01442 | K63: =Nm*(-SQRT(Vi^2*Vo^2/K_2^2-(H63/Nm)^2)-Vo^2*K_1/K_2) -> -48834930 | L63: =IF(ABS(I63)<ABS(K63),I63,K63) -> -3450195.4 | M63: =IF(H63/1000>$D$23,$D$23,H63/1000) -> 1005.3303 | N63: =L63/1000 -> -3450.1954 | O63: =I63/1000 -> -3450.1954 | P63: =J63*1.43+10 -> 755.05062 | Q63: =SQRT(M63^2+N63^2) -> 3593.6802 | R63: =M63/SQRT(M63^2+N63^2) -> 0.27974951
H64: =-$B$22/20+H63 -> 804026.16 | I64: =Nm*(-SQRT(IF(3/K_3^2*Ii^2*Vo^2-(H64/Nm)^2<0.0000000001,0,3/K_3^2*Ii^2*Vo^2-(H64/Nm)^2))+Vo^2/K_3*K_4) -> -3496778 | J64: =SQRT(3)*SQRT((Vo/SQRT(3)*K_1+SQRT(H64^2+I64^2)/SQRT(3)/Vo/Nm*I64/SQRT(H64^2+I64^2)*K_2)^2+(SQRT(H64^2+I64^2)/SQRT(3)/Vo/Nm*H64/SQRT(H64^2+I64^2)*K_2)^2) -> 519.56048 | K64: =Nm*(-SQRT(Vi^2*Vo^2/K_2^2-(H64/Nm)^2)-Vo^2*K_1/K_2) -> -48842083 | L64: =IF(ABS(I64)<ABS(K64),I64,K64) -> -3496778 | M64: =IF(H64/1000>$D$23,$D$23,H64/1000) -> 804.02616 | N64: =L64/1000 -> -3496.778 | O64: =I64/1000 -> -3496.778 | P64: =J64*1.43+10 -> 752.97148 | Q64: =SQRT(M64^2+N64^2) -> 3588.0237 | R64: =M64/SQRT(M64^2+N64^2) -> 0.22408608
... H68: =-$B$22/20+H67 -> -1190.3104 | I68: =Nm*(-SQRT(IF(3/K_3^2*Ii^2*Vo^2-(H68/Nm)^2<0.0000000001,0,3/K_3^2*Ii^2*Vo^2-(H68/Nm)^2))+Vo^2/K_3*K_4) -> -3578124.2 | J68: =SQRT(3)*SQRT((Vo/SQRT(3)*K_1+SQRT(H68^2+I68^2)/SQRT(3)/Vo/Nm*I68/SQRT(H68^2+I68^2)*K_2)^2+(SQRT(H68^2+I68^2)/SQRT(3)/Vo/Nm*H68/SQRT(H68^2+I68^2)*K_2)^2) -> 517.01167 | K68: =Nm*(-SQRT(Vi^2*Vo^2/K_2^2-(H68/Nm)^2)-Vo^2*K_1/K_2) -> -48854772 | L68: =IF(ABS(I68)<ABS(K68),I68,K68) -> -3578124.2 | M68: =IF(H68/1000>$D$23,$D$23,H68/1000) -> -1.1903104 | N68: =L68/1000 -> -3578.1242 | O68: =I68/1000 -> -3578.1242 | P68: =J68*1.43+10 -> 749.32669 | Q68: =SQRT(M68^2+N68^2) -> 3578.1244 | R68: =M68/SQRT(M68^2+N68^2) -> -0.00033266323

Sheet Curves Value
A1: Warning. These data are manually generated.
A2: Model | B2: =CONCATENATE("PV3WD3HV",Capability!B1) -> PV3WD3HV620 | C2: Vdc_min | D2: 954
C3: Vdc_max | D3: 1130
A5: Curve 1 | C5: Curve 2 | E5: Curve 3 | G5: Curve 4 | I5: Curve 5 | K5: Curve 6 | M5: Curve 7
A6: Vac | B6: T | C6: Vac | D6: T | E6: Vac | F6: T | G6: Vac | H6: T | I6: Vac | J6: T | K6: Vac | L6: T | M6: Vac | N6: T
A7: 620 | B7: 33 | C7: 620 | D7: -5
A8: Vdc | B8: 951.5 | C8: Vdc | D8: 1130 | E8: Vdc | G8: Vdc | I8: Vdc | K8: Vdc | M8: Vdc
A9: P | B9: Q | C9: P | D9: Q | E9: P | F9: Q | G9: P | H9: Q | I9: P | J9: Q | K9: P | L9: Q | M9: P | N9: Q
A10: 0 | B10: 2103.4139 | C10: 0 | D10: 4450.1988
A11: 200.11381 | B11: 2102.628 | C11: 200.11381 | D11: 4445.2077
A12: 401.41792 | B12: 2100.2515 | C12: 401.41792 | D12: 4430.0774
A13: 602.72204 | B13: 2096.284 | C13: 602.72204 | D13: 4404.6918
A14: 804.02616 | B14: 2090.7247 | C14: 804.02616 | D14: 4368.8524
A15: 1005.3303 | B15: 2083.5725 | C15: 1005.3303 | D15: 4322.2699
A16: 1206.6344 | B16: 2074.826 | C16: 1206.6344 | D16: 4264.5522
A17: 1407.9385 | B17: 2064.4838 | C17: 1407.9385 | D17: 4195.1864
A18: 1609.2426 | B18: 2052.5437 | C18: 1609.2426 | D18: 4113.5134
A19: 1810.5467 | B19: 2039.0036 | C19: 1810.5467 | D19: 4018.6918
A20: 2011.8509 | B20: 2023.8609 | C20: 2011.8509 | D20: 3909.6448
A21: 2213.155 | B21: 2007.1128 | C21: 2213.155 | D21: 3784.9831
... A74: -1.1903104 | B74: -3578.1242 | C74: -1.1903104 | D74: -3578.1242

Sheet Ii_Derating
A1: Temperature derating
B2: Ii(T) (A) | E2: Ii(T)(%In)
A3: Temp(ºC) | B3: 35 | C3: 50 | D3: 60 | E3: -20 | F3: =B3 -> 35 | G3: =C3 -> 50 | H3: =D3 -> 60
A4: Ii(A)/Ii(%) | B4: 1172 | C4: =Ii_r -> 1050 | D4: 756 | E4: =F4 -> 1.1161905 | F4: =B4/$C4 -> 1.1161905 | G4: =C4/$C4 -> 1 | H4: =D4/$C4 -> 0.72
A17: Ii DC Voltage derating
A19: DC Voltage(V) | B19: 500 | C19: 950 | D19: 1250 | E19: 1350 | F19: 1500 | G19: 1500
A20: WD3V | B20: 1.15 | C20: 1.15 | D20: 1 | E20: 0.45 | F20: 0.05 | G20: 0
A23: Altitude derating
A25: Altitude | B25: H<1000 | C25: 1000<H<2000 | D25: 2000<H<4000
A26: Operation temperature derating value (ºC/1000m) | B26: 0 | C26: 6 | D26: 7.5
A28: WD3 voltage dependecy on altitude
A30: Altitude(m) | B30: 0 | C30: 2000 | D30: 3000 | E30: 4000
A31: Max DC (Altirude derating) (V) | B31: 1500 | C31: 1500 | D31: =C31*0.88 -> 1320 | E31: =C31*0.78 -> 1170
A32: Max AC(Altitude derating) (V) | B32: 690 | C32: 690 | D32: =C32*0.88 -> 607.2 | E32: =C32*0.78 -> 538.2
B35: Total derating curves example
B36: Warning: The maximum output current of the inverter will also depend on the AC/DC
B37: Pbase | C37: =1050*Capability!$B$1*SQRT(3)*Nm/1000 -> 3382.6952
D39: Vdc
D40: 1250 | E40: 1200 | F40: 1100 | G40: 1000 | H40: 950
B41: %Ii(T) | C41: Temp | D41: =CONCATENATE("S(kVA) @ ",D40,"V") -> S(kVA) @ 1250V | E41: =CONCATENATE("S(kVA) @ ",E40,"V") -> S(kVA) @ 1200V | F41: =CONCATENATE("S(kVA) @ ",F40,"V") -> S(kVA) @ 1100V | G41: =CONCATENATE("S(kVA) @ ",G40,"V") -> S(kVA) @ 1000V | H41: =CONCATENATE("S(kVA) @ ",H40,"V") -> S(kVA) @ 950V
B42: 1.1161905 | C42: -20 | D42: =$B42*$C$37*IF(D$40<=$C$51,$B$51,IF(D$40<=$C$52,$B$52+($B$51-$B$52)/($C$52-$C$51)*($C$52-D$40),IF(D$40<=$C$53,$B$53+($B$52-$B$53)/($C$53-$C$52)*($C$53-D$40),IF(D$40<=$C$54,$B$54+($B$53-$B$54)/($C$54-$C$53)*($C$54-D$40),0)))) -> 3775.7322 | E42: =$B42*$C$37*IF(E$40<=$C$51,$B$51,IF(E$40<=$C$52,$B$52+($B$51-$B$52)/($C$52-$C$51)*($C$52-E$40),IF(E$40<=$C$53,$B$53+($B$52-$B$53)/($C$53-$C$52)*($C$53-E$40),IF(E$40<=$C$54,$B$54+($B$53-$B$54)/($C$54-$C$53)*($C$54-E$40),0)))) -> 3871.3068 | F42: =$B42*$C$37*IF(F$40<=$C$51,$B$51,IF(F$40<=$C$52,$B$52+($B$51-$B$52)/($C$52-$C$51)*($C$52-F$40),IF(F$40<=$C$53,$B$53+($B$52-$B$53)/($C$53-$C$52)*($C$53-F$40),IF(F$40<=$C$54,$B$54+($B$53-$B$54)/($C$54-$C$53)*($C$54-F$40),0)))) -> 4062.4559 | G42: =$B42*$C$37*IF(G$40<=$C$51,$B$51,IF(G$40<=$C$52,$B$52+($B$51-$B$52)/($C$52-$C$51)*($C$52-G$40),IF(G$40<=$C$53,$B$53+($B$52-$B$53)/($C$53-$C$52)*($C$53-G$40),IF(G$40<=$C$54,$B$54+($B$53-$B$54)/($C$54-$C$53)*($C$54-G$40),0)))) -> 4253.605 | H42: =$B42*$C$37*IF(H$40<=$C$51,$B$51,IF(H$40<=$C$52,$B$52+($B$51-$B$52)/($C$52-$C$51)*($C$52-H$40),IF(H$40<=$C$53,$B$53+($B$52-$B$53)/($C$53-$C$52)*($C$53-H$40),IF(H$40<=$C$54,$B$54+($B$53-$B$54)/($C$54-$C$53)*($C$54-H$40),0)))) -> 4349.1796
B43: 1.1161905 | C43: 35 | D43: =$B43*$C$37*IF(D$40<=$C$51,$B$51,IF(D$40<=$C$52,$B$52+($B$51-$B$52)/($C$52-$C$51)*($C$52-D$40),IF(D$40<=$C$53,$B$53+($B$52-$B$53)/($C$53-$C$52)*($C$53-D$40),IF(D$40<=$C$54,$B$54+($B$53-$B$54)/($C$54-$C$53)*($C$54-D$40),0)))) -> 3775.7322 | E43: =$B43*$C$37*IF(E$40<=$C$51,$B$51,IF(E$40<=$C$52,$B$52+($B$51-$B$52)/($C$52-$C$51)*($C$52-E$40),IF(E$40<=$C$53,$B$53+($B$52-$B$53)/($C$53-$C$52)*($C$53-E$40),IF(E$40<=$C$54,$B$54+($B$53-$B$54)/($C$54-$C$53)*($C$54-E$40),0)))) -> 3871.3068 | F43: =$B43*$C$37*IF(F$40<=$C$51,$B$51,IF(F$40<=$C$52,$B$52+($B$51-$B$52)/($C$52-$C$51)*($C$52-F$40),IF(F$40<=$C$53,$B$53+($B$52-$B$53)/($C$53-$C$52)*($C$53-F$40),IF(F$40<=$C$54,$B$54+($B$53-$B$54)/($C$54-$C$53)*($C$54-F$40),0)))) -> 4062.4559 | G43: =$B43*$C$37*IF(G$40<=$C$51,$B$51,IF(G$40<=$C$52,$B$52+($B$51-$B$52)/($C$52-$C$51)*($C$52-G$40),IF(G$40<=$C$53,$B$53+($B$52-$B$53)/($C$53-$C$52)*($C$53-G$40),IF(G$40<=$C$54,$B$54+($B$53-$B$54)/($C$54-$C$53)*($C$54-G$40),0)))) -> 4253.605 | H43: =$B43*$C$37*IF(H$40<=$C$51,$B$51,IF(H$40<=$C$52,$B$52+($B$51-$B$52)/($C$52-$C$51)*($C$52-H$40),IF(H$40<=$C$53,$B$53+($B$52-$B$53)/($C$53-$C$52)*($C$53-H$40),IF(H$40<=$C$54,$B$54+($B$53-$B$54)/($C$54-$C$53)*($C$54-H$40),0)))) -> 4349.1796
B44: 1 | C44: 50 | D44: =$B44*$C$37*IF(D$40<=$C$51,$B$51,IF(D$40<=$C$52,$B$52+($B$51-$B$52)/($C$52-$C$51)*($C$52-D$40),IF(D$40<=$C$53,$B$53+($B$52-$B$53)/($C$53-$C$52)*($C$53-D$40),IF(D$40<=$C$54,$B$54+($B$53-$B$54)/($C$54-$C$53)*($C$54-D$40),0)))) -> 3382.6952 | E44: =$B44*$C$37*IF(E$40<=$C$51,$B$51,IF(E$40<=$C$52,$B$52+($B$51-$B$52)/($C$52-$C$51)*($C$52-E$40),IF(E$40<=$C$53,$B$53+($B$52-$B$53)/($C$53-$C$52)*($C$53-E$40),IF(E$40<=$C$54,$B$54+($B$53-$B$54)/($C$54-$C$53)*($C$54-E$40),0)))) -> 3468.3209 | F44: =$B44*$C$37*IF(F$40<=$C$51,$B$51,IF(F$40<=$C$52,$B$52+($B$51-$B$52)/($C$52-$C$51)*($C$52-F$40),IF(F$40<=$C$53,$B$53+($B$52-$B$53)/($C$53-$C$52)*($C$53-F$40),IF(F$40<=$C$54,$B$54+($B$53-$B$54)/($C$54-$C$53)*($C$54-F$40),0)))) -> 3639.5723 | G44: =$B44*$C$37*IF(G$40<=$C$51,$B$51,IF(G$40<=$C$52,$B$52+($B$51-$B$52)/($C$52-$C$51)*($C$52-G$40),IF(G$40<=$C$53,$B$53+($B$52-$B$53)/($C$53-$C$52)*($C$53-G$40),IF(G$40<=$C$54,$B$54+($B$53-$B$54)/($C$54-$C$53)*($C$54-G$40),0)))) -> 3810.8236 | H44: =$B44*$C$37*IF(H$40<=$C$51,$B$51,IF(H$40<=$C$52,$B$52+($B$51-$B$52)/($C$52-$C$51)*($C$52-H$40),IF(H$40<=$C$53,$B$53+($B$52-$B$53)/($C$53-$C$52)*($C$53-H$40),IF(H$40<=$C$54,$B$54+($B$53-$B$54)/($C$54-$C$53)*($C$54-H$40),0)))) -> 3896.4493
B45: 0.72 | C45: 60 | D45: =$B45*$C$37*IF(D$40<=$C$51,$B$51,IF(D$40<=$C$52,$B$52+($B$51-$B$52)/($C$52-$C$51)*($C$52-D$40),IF(D$40<=$C$53,$B$53+($B$52-$B$53)/($C$53-$C$52)*($C$53-D$40),IF(D$40<=$C$54,$B$54+($B$53-$B$54)/($C$54-$C$53)*($C$54-D$40),0)))) -> 2435.5406 | E45: =$B45*$C$37*IF(E$40<=$C$51,$B$51,IF(E$40<=$C$52,$B$52+($B$51-$B$52)/($C$52-$C$51)*($C$52-E$40),IF(E$40<=$C$53,$B$53+($B$52-$B$53)/($C$53-$C$52)*($C$53-E$40),IF(E$40<=$C$54,$B$54+($B$53-$B$54)/($C$54-$C$53)*($C$54-E$40),0)))) -> 2497.191 | F45: =$B45*$C$37*IF(F$40<=$C$51,$B$51,IF(F$40<=$C$52,$B$52+($B$51-$B$52)/($C$52-$C$51)*($C$52-F$40),IF(F$40<=$C$53,$B$53+($B$52-$B$53)/($C$53-$C$52)*($C$53-F$40),IF(F$40<=$C$54,$B$54+($B$53-$B$54)/($C$54-$C$53)*($C$54-F$40),0)))) -> 2620.492 | G45: =$B45*$C$37*IF(G$40<=$C$51,$B$51,IF(G$40<=$C$52,$B$52+($B$51-$B$52)/($C$52-$C$51)*($C$52-G$40),IF(G$40<=$C$53,$B$53+($B$52-$B$53)/($C$53-$C$52)*($C$53-G$40),IF(G$40<=$C$54,$B$54+($B$53-$B$54)/($C$54-$C$53)*($C$54-G$40),0)))) -> 2743.793 | H45: =$B45*$C$37*IF(H$40<=$C$51,$B$51,IF(H$40<=$C$52,$B$52+($B$51-$B$52)/($C$52-$C$51)*($C$52-H$40),IF(H$40<=$C$53,$B$53+($B$52-$B$53)/($C$53-$C$52)*($C$53-H$40),IF(H$40<=$C$54,$B$54+($B$53-$B$54)/($C$54-$C$53)*($C$54-H$40),0)))) -> 2805.4435
D47: Temp (H modified)
D48: 30 | E48: 40 | F48: 50
B49: %Ii(V) | C49: Vdc | D49: =CONCATENATE("S(kVA) @ ",D48,"ºC") -> S(kVA) @ 30ºC | E49: =CONCATENATE("S(kVA) @ ",E48,"ºC") -> S(kVA) @ 40ºC | F49: =CONCATENATE("S(kVA) @ ",F48,"ºC") -> S(kVA) @ 50ºC
B50: 1.1518771 | C50: 500 | D50: =$B50*$C$37*IF(D$48<=$C$43,$B$43,IF(D$48<=$C$44,$B$44+($B$43-$B$44)/($C$44-$C$43)*($C$44-D$48),IF(D$48<=$C$45,$B$45+($B$44-$B$45)/($C$45-$C$44)*($C$45-D$48),0))) -> 4349.1796 | E50: =$B50*$C$37*IF(E$48<=$C$43,$B$43,IF(E$48<=$C$44,$B$44+($B$43-$B$44)/($C$44-$C$43)*($C$44-E$48),IF(E$48<=$C$45,$B$45+($B$44-$B$45)/($C$45-$C$44)*($C$45-E$48),0))) -> 4198.2695 | F50: =$B50*$C$37*IF(F$48<=$C$43,$B$43,IF(F$48<=$C$44,$B$44+($B$43-$B$44)/($C$44-$C$43)*($C$44-F$48),IF(F$48<=$C$45,$B$45+($B$44-$B$45)/($C$45-$C$44)*($C$45-F$48),0))) -> 3896.4493
B51: 1.1518771 | C51: 950 | D51: =$B51*$C$37*IF(D$48<=$C$43,$B$43,IF(D$48<=$C$44,$B$44+($B$43-$B$44)/($C$44-$C$43)*($C$44-D$48),IF(D$48<=$C$45,$B$45+($B$44-$B$45)/($C$45-$C$44)*($C$45-D$48),0))) -> 4349.1796 | E51: =$B51*$C$37*IF(E$48<=$C$43,$B$43,IF(E$48<=$C$44,$B$44+($B$43-$B$44)/($C$44-$C$43)*($C$44-E$48),IF(E$48<=$C$45,$B$45+($B$44-$B$45)/($C$45-$C$44)*($C$45-E$48),0))) -> 4198.2695 | F51: =$B51*$C$37*IF(F$48<=$C$43,$B$43,IF(F$48<=$C$44,$B$44+($B$43-$B$44)/($C$44-$C$43)*($C$44-F$48),IF(F$48<=$C$45,$B$45+($B$44-$B$45)/($C$45-$C$44)*($C$45-F$48),0))) -> 3896.4493
B52: 1 | C52: 1250 | D52: =$B52*$C$37*IF(D$48<=$C$43,$B$43,IF(D$48<=$C$44,$B$44+($B$43-$B$44)/($C$44-$C$43)*($C$44-D$48),IF(D$48<=$C$45,$B$45+($B$44-$B$45)/($C$45-$C$44)*($C$45-D$48),0))) -> 3775.7322 | E52: =$B52*$C$37*IF(E$48<=$C$43,$B$43,IF(E$48<=$C$44,$B$44+($B$43-$B$44)/($C$44-$C$43)*($C$44-E$48),IF(E$48<=$C$45,$B$45+($B$44-$B$45)/($C$45-$C$44)*($C$45-E$48),0))) -> 3644.7199 | F52: =$B52*$C$37*IF(F$48<=$C$43,$B$43,IF(F$48<=$C$44,$B$44+($B$43-$B$44)/($C$44-$C$43)*($C$44-F$48),IF(F$48<=$C$45,$B$45+($B$44-$B$45)/($C$45-$C$44)*($C$45-F$48),0))) -> 3382.6952
B53: 0.45 | C53: 1350 | D53: =$B53*$C$37*IF(D$48<=$C$43,$B$43,IF(D$48<=$C$44,$B$44+($B$43-$B$44)/($C$44-$C$43)*($C$44-D$48),IF(D$48<=$C$45,$B$45+($B$44-$B$45)/($C$45-$C$44)*($C$45-D$48),0))) -> 1699.0795 | E53: =$B53*$C$37*IF(E$48<=$C$43,$B$43,IF(E$48<=$C$44,$B$44+($B$43-$B$44)/($C$44-$C$43)*($C$44-E$48),IF(E$48<=$C$45,$B$45+($B$44-$B$45)/($C$45-$C$44)*($C$45-E$48),0))) -> 1640.1239 | F53: =$B53*$C$37*IF(F$48<=$C$43,$B$43,IF(F$48<=$C$44,$B$44+($B$43-$B$44)/($C$44-$C$43)*($C$44-F$48),IF(F$48<=$C$45,$B$45+($B$44-$B$45)/($C$45-$C$44)*($C$45-F$48),0))) -> 1522.2129
B54: 0.05 | C54: 1500 | D54: =$B54*$C$37*IF(D$48<=$C$43,$B$43,IF(D$48<=$C$44,$B$44+($B$43-$B$44)/($C$44-$C$43)*($C$44-D$48),IF(D$48<=$C$45,$B$45+($B$44-$B$45)/($C$45-$C$44)*($C$45-D$48),0))) -> 188.78661 | E54: =$B54*$C$37*IF(E$48<=$C$43,$B$43,IF(E$48<=$C$44,$B$44+($B$43-$B$44)/($C$44-$C$43)*($C$44-E$48),IF(E$48<=$C$45,$B$45+($B$44-$B$45)/($C$45-$C$44)*($C$45-E$48),0))) -> 182.23599 | F54: =$B54*$C$37*IF(F$48<=$C$43,$B$43,IF(F$48<=$C$44,$B$44+($B$43-$B$44)/($C$44-$C$43)*($C$44-F$48),IF(F$48<=$C$45,$B$45+($B$44-$B$45)/($C$45-$C$44)*($C$45-F$48),0))) -> 169.13476

Sheet aux
A1: Ii_rated | B1: 1050 | M1: Inverter voltages | AC1: Si
B2: =1/0.8645 -> 1.156738 | M2: 400 | AC2: No
M3: 440
M4: 480
M5: 530
B6: deltaT | C6: =IF(Capability!B6>2000,(Capability!B6-2000)*H8/1000+G8,IF(Capability!B6>1000,(Capability!B6-1000)*G8/1000,0)) -> 11.25 | M6: 560
B7: Temperature | C7: Rating | D7: STEP1 | E7: STEP2 | G7: Delta T/1000m (ºC/1000m).1000< H <2000 | H7: Delta T/1000m (ºC/1000m). H>2000m | M7: 575
B8: -20 | C8: =C11 -> 1.1161905 | D8: =IF(C8*$E$33>$H$33,$H$33,C8*$E$33) -> 1.1831619 | E8: =IF(C8*$E$34>$H$33,$H$33,C8*$E$34) -> 1.1831619 | G8: 6 | H8: 7.5 | M8: 590
B9: -10 | C9: =C11 -> 1.1161905 | D9: =IF(C9*$E$33>$H$33,$H$33,C9*$E$33) -> 1.1831619 | E9: =IF(C9*$E$34>$H$33,$H$33,C9*$E$34) -> 1.1831619 | M9: 605
B10: 0 | C10: =C11 -> 1.1161905 | D10: =IF(C10*$E$33>$H$33,$H$33,C10*$E$33) -> 1.1831619 | E10: =IF(C10*$E$34>$H$33,$H$33,C10*$E$34) -> 1.1831619 | M10: 620
B11: 35 | C11: =1172/1050 -> 1.1161905 | D11: =IF(C11*$E$33>$H$33,$H$33,C11*$E$33) -> 1.1831619 | E11: =IF(C11*$E$34>$H$33,$H$33,C11*$E$34) -> 1.1831619 | M11: 630
B12: 50 | C12: =1050/1050 -> 1 | D12: =IF(C12*$E$33>$H$33,$H$33,C12*$E$33) -> 1.15 | E12: =IF(C12*$E$34>$H$33,$H$33,C12*$E$34) -> 1.15 | M12: 650
B13: 60 | C13: =756/1050 -> 0.72 | D13: =IF(C13*$E$33>$H$33,$H$33,C13*$E$33) -> 0.828 | E13: =IF(C13*$E$34>$H$33,$H$33,C13*$E$34) -> 0.828 | M13: 660
M14: 690
B16: Vdc | C16: Rating
B17: 950 | C17: 1.15 | D17: Desactiva Vdc uprating poniendo este valor a 100%. Activarlo poniendolo a 115,2%
B18: 1250 | C18: =1172/1172 -> 1
B19: 1350 | C19: 0.45
B20: 1500 | C20: 0.05
A22: Li (H) | B22: =130*10^-6 -> 0.00013
A23: Co (F) | B23: =1200*10^-6 -> 0.0012
A24: Lo (H) | B24: =25*10^-6 -> 2.5e-05
A26: k1 (wg) | B26: =1-Li*Co*wg*wg -> 0.98460342
A27: k2 (wg) | B27: =Lo*wg+Li*wg*(1-Co*Lo*wg^2) -> 0.048573762
A28: k3 (wg) | B28: =1-Lo*Co*wg^2 -> 0.99703912
A29: k4 (wg) | B29: =Co*wg -> 0.37699112
B32: Ii | C32: Io | D32: Vdc | E32: Vdc_min derating | G32: Ii_lim
A33: STEP1 | B33: =Ii_r*Capability!B10 -> 1206.7125 | C33: =(Vo/SQRT(3)*SQRT(1-Capability!B33^2)*Co*wg+SQRT(B33^2-Capability!B33^2*(Vo/SQRT(3))^2*Co^2*wg^2))/K_3 -> 1202.7043 | D33: =Vdc_offset+Vac_to_Vdc*SQRT(3)*SQRT((Vo/SQRT(3)*K_1+(Nm*IF(I_set>C33,C33,I_set))/Nm*SQRT(1-Capability!B33^2)*K_2)^2+((Nm*IF(I_set>C33,C33,I_set))/Nm*Capability!B33*K_2)^2) -> 894.86024 | E33: =IF(D33>aux!B20,0,IF(D33>aux!B19,(D33-aux!B19)*(aux!C19-aux!C20)/(aux!B19-aux!B20)+aux!C19,IF(D33>aux!B18,(aux!C18-aux!C19)/(aux!B18-aux!B19)*(D33-aux!B18)+aux!C18,IF(D33>aux!B17,(aux!C17-aux!C18)/(aux!B17-aux!B18)*(D33-aux!B17)+aux!C17,aux!C17)))) -> 1.15 | G33: =Ii -> 1242.32 | H33: =G33/Ii_r -> 1.1831619
A34: STEP2 | B34: =IF(Capability!D8>aux!B12,(Capability!D8-aux!B12)/(aux!B13-aux!B12)*(aux!D13-aux!D12)+aux!D12,IF(Capability!D8>aux!B11,(Capability!D8-aux!B11)/(aux!B12-aux!B11)*(aux!D12-aux!D11)+aux!D11,aux!D10))*Ii_r -> -29272.215 | C34: =(Vo/SQRT(3)*SQRT(1-Capability!B33^2)*Co*wg+SQRT(B34^2-Capability!B33^2*(Vo/SQRT(3))^2*Co^2*wg^2))/K_3 -> 29358.832 | D34: =Vdc_offset+Vac_to_Vdc*SQRT(3)*SQRT((Vo/SQRT(3)*K_1+(Nm*IF(I_set>C34,C34,I_set))/Nm*SQRT(1-Capability!B33^2)*K_2)^2+((Nm*IF(I_set>C34,C34,I_set))/Nm*Capability!B33*K_2)^2) -> 939.35645 | E34: =IF(D34>aux!B20,0,IF(D34>aux!B19,(D34-aux!B19)*(aux!C19-aux!C20)/(aux!B19-aux!B20)+aux!C19,IF(D34>aux!B18,(aux!C18-aux!C19)/(aux!B18-aux!B19)*(D34-aux!B18)+aux!C18,IF(D34>aux!B17,(aux!C17-aux!C18)/(aux!B17-aux!B18)*(D34-aux!B17)+aux!C17,aux!C17)))) -> 1.15
A35: STEP3 | B35: =IF(Capability!D8>aux!B12,(Capability!D8-aux!B12)/(aux!B13-aux!B12)*(aux!E13-aux!E12)+aux!E12,IF(Capability!D8>aux!B11,(Capability!D8-aux!B11)/(aux!B12-aux!B11)*(aux!E12-aux!E11)+aux!E11,aux!E10))*Ii_r -> -29272.215 | C35: =(Vo/SQRT(3)*SQRT(1-Capability!B33^2)*Co*wg+SQRT(B35^2-Capability!B33^2*(Vo/SQRT(3))^2*Co^2*wg^2))/K_3 -> 29358.832 | D35: =Vdc_offset+Vac_to_Vdc*SQRT(3)*SQRT((Vo/SQRT(3)*K_1+(Nm*IF(I_set>C35,C35,I_set))/Nm*SQRT(1-Capability!B33^2)*K_2)^2+((Nm*IF(I_set>C35,C35,I_set))/Nm*Capability!B33*K_2)^2) -> 939.35645

Sheet V_0,9pu_DIG
A1: Inverter Voltage | B1: =Capability!B1 -> 620 | H1: P (W) | I1: Q _Ii(VAr) | J1: Vi_need | K1: Q_Vdc (Var) | L1: Q(Var) | M1: P(kW) | N1: Q_Ii(kVAr) | O1: Vdc_min (V) | P1: Q(kVAr) | Q1: S(kVA) | R1: cos fi
A2: Voltage operation pu | B2: 0.9 | F2: P_manual (kW), Q>0 | G2: =Capability!G2 -> 3750 | H2: =G2*1000 -> 3750000 | I2: =Nm*(SQRT(IF(3/K_3^2*Ii^2*B3^2-(H2/Nm)^2<0.0000000001,0,3/K_3^2*Ii^2*B3^2-(H2/Nm)^2))+B3^2/K_3*K_4) -> 353190.14 | J2: =SQRT(3)*SQRT((B3/SQRT(3)*K_1+SQRT(H2^2+I2^2)/SQRT(3)/B3/Nm*I2/SQRT(H2^2+I2^2)*K_2)^2+(SQRT(H2^2+I2^2)/SQRT(3)/B3/Nm*H2/SQRT(H2^2+I2^2)*K_2)^2) -> 570.13695 | K2: =Nm*(SQRT(Vi^2*B3^2/K_2^2-(H2/Nm)^2)-B3^2*K_1/K_2) -> 3688181.8 | L2: =IF(ABS(I2)<ABS(K2),I2,K2) -> 353190.14 | M2: =H2/1000 -> 3750 | N2: =I2/1000 -> 353.19014 | O2: =J2*1.43+10 -> 825.29583 | P2: =L2/1000 -> 353.19014 | Q2: =SQRT(M2^2+P2^2) -> 3766.5957 | R2: =M2/SQRT(M2^2+P2^2) -> 0.99559398 | S2: Capacitive
A3: Line-Line Voltage (V) | B3: =$B$1*B2 -> 558 | F3: P_manual (kW), Q<0 | G3: =Capability!G3 -> 2846 | H3: =G3*1000 -> 2846000 | I3: =Nm*(-SQRT(IF(3/K_3^2*Ii^2*B3^2-(H3/Nm)^2<0.0000000001,0,3/K_3^2*Ii^2*B3^2-(H3/Nm)^2))+B3^2/K_3*K_4) -> -1872166.8 | J3: =SQRT(3)*SQRT((B3/SQRT(3)*K_1+SQRT(H3^2+I3^2)/SQRT(3)/B3/Nm*I3/SQRT(H3^2+I3^2)*K_2)^2+(SQRT(H3^2+I3^2)/SQRT(3)/B3/Nm*H3/SQRT(H3^2+I3^2)*K_2)^2) -> 501.92493 | K3: =Nm*(-SQRT(Vi^2*B3^2/K_2^2-(H3/Nm)^2)-B3^2*K_1/K_2) -> -41688189 | L3: =IF(ABS(I3)<ABS(K3),I3,K3) -> -1872166.8 | M3: =H3/1000 -> 2846 | N3: =I3/1000 -> -1872.1668 | O3: =J3*1.43+10 -> 727.75265 | P3: =L3/1000 -> -1872.1668 | Q3: =SQRT(M3^2+P3^2) -> 3406.5708 | R3: =M3/SQRT(M3^2+P3^2) -> 0.83544426 | S3: Inductive
A4: Nm: Number of modules | B4: =Nm -> 3 | H4: ='V_1,1pu_DIG'!H4 -> 0 | I4: =Nm*(SQRT(IF(3/K_3^2*Ii^2*$B$3^2-(H4/Nm)^2<0.0000000001,0,3/K_3^2*Ii^2*$B$3^2-(H4/Nm)^2))+$B$3^2/K_3*K_4) -> 3965935.6 | J4: =SQRT(3)*SQRT(($B$3/SQRT(3)*K_1+SQRT(H4^2+I4^2)/SQRT(3)/$B$3/Nm*I4/SQRT(H4^2+I4^2)*K_2)^2+(SQRT(H4^2+I4^2)/SQRT(3)/$B$3/Nm*H4/SQRT(H4^2+I4^2)*K_2)^2) -> 664.48661 | K4: =Nm*(SQRT(Vi^2*$B$3^2/K_2^2-(H4/Nm)^2)-$B$3^2*K_1/K_2) -> 3996883.6 | L4: =IF(ABS(I4)<ABS(K4),I4,K4) -> 3965935.6 | M4: =H4/1000 -> 0 | N4: =I4/1000 -> 3965.9356 | O4: =J4*1.43+10 -> 960.21585 | P4: =L4/1000 -> 3965.9356 | Q4: =SQRT(M4^2+P4^2) -> 3965.9356 | R4: =M4/SQRT(M4^2+P4^2) -> 0
A5: f(Hz) | B5: =Capability!B5 -> 50 | C5: wg(Hz) | D5: =2*PI()*B5 -> 314.15927 | H5: ='V_1,1pu_DIG'!H5 -> 221434.53 | I5: =Nm*(SQRT(IF(3/K_3^2*Ii^2*$B$3^2-(H5/Nm)^2<0.0000000001,0,3/K_3^2*Ii^2*$B$3^2-(H5/Nm)^2))+$B$3^2/K_3*K_4) -> 3959143 | J5: =SQRT(3)*SQRT(($B$3/SQRT(3)*K_1+SQRT(H5^2+I5^2)/SQRT(3)/$B$3/Nm*I5/SQRT(H5^2+I5^2)*K_2)^2+(SQRT(H5^2+I5^2)/SQRT(3)/$B$3/Nm*H5/SQRT(H5^2+I5^2)*K_2)^2) -> 664.32059 | K5: =Nm*(SQRT(Vi^2*$B$3^2/K_2^2-(H5/Nm)^2)-$B$3^2*K_1/K_2) -> 3995814.4 | L5: =IF(ABS(I5)<ABS(K5),I5,K5) -> 3959143 | M5: =H5/1000 -> 221.43453 | N5: =I5/1000 -> 3959.143 | O5: =J5*1.43+10 -> 959.97844 | P5: =L5/1000 -> 3959.143 | Q5: =SQRT(M5^2+P5^2) -> 3965.3306 | R5: =M5/SQRT(M5^2+P5^2) -> 0.05584264
A6: Height (m) | B6: =Capability!B6 -> 2700 | H6: ='V_1,1pu_DIG'!H6 -> 442869.06 | I6: =Nm*(SQRT(IF(3/K_3^2*Ii^2*$B$3^2-(H6/Nm)^2<0.0000000001,0,3/K_3^2*Ii^2*$B$3^2-(H6/Nm)^2))+$B$3^2/K_3*K_4) -> 3938688.2 | J6: =SQRT(3)*SQRT(($B$3/SQRT(3)*K_1+SQRT(H6^2+I6^2)/SQRT(3)/$B$3/Nm*I6/SQRT(H6^2+I6^2)*K_2)^2+(SQRT(H6^2+I6^2)/SQRT(3)/$B$3/Nm*H6/SQRT(H6^2+I6^2)*K_2)^2) -> 663.82038 | K6: =Nm*(SQRT(Vi^2*$B$3^2/K_2^2-(H6/Nm)^2)-$B$3^2*K_1/K_2) -> 3992606.6 | L6: =IF(ABS(I6)<ABS(K6),I6,K6) -> 3938688.2 | M6: =H6/1000 -> 442.86906 | N6: =I6/1000 -> 3938.6882 | O6: =J6*1.43+10 -> 959.26314 | P6: =L6/1000 -> 3938.6882 | Q6: =SQRT(M6^2+P6^2) -> 3963.5083 | R6: =M6/SQRT(M6^2+P6^2) -> 0.11173663
A7: Temperature Max (ºC) ( TM) | B7: =Capability!B7 -> 33 | C7: TM_H_corrected(ºC) | D7: =B7+aux!C6 -> 44.25 | H7: ='V_1,1pu_DIG'!H7 -> 664303.59 | I7: =Nm*(SQRT(IF(3/K_3^2*Ii^2*$B$3^2-(H7/Nm)^2<0.0000000001,0,3/K_3^2*Ii^2*$B$3^2-(H7/Nm)^2))+$B$3^2/K_3*K_4) -> 3904335.1 | J7: =SQRT(3)*SQRT(($B$3/SQRT(3)*K_1+SQRT(H7^2+I7^2)/SQRT(3)/$B$3/Nm*I7/SQRT(H7^2+I7^2)*K_2)^2+(SQRT(H7^2+I7^2)/SQRT(3)/$B$3/Nm*H7/SQRT(H7^2+I7^2)*K_2)^2) -> 662.97945 | K7: =Nm*(SQRT(Vi^2*$B$3^2/K_2^2-(H7/Nm)^2)-$B$3^2*K_1/K_2) -> 3987259.3 | L7: =IF(ABS(I7)<ABS(K7),I7,K7) -> 3904335.1 | M7: =H7/1000 -> 664.30359 | N7: =I7/1000 -> 3904.3351 | O7: =J7*1.43+10 -> 958.06061 | P7: =L7/1000 -> 3904.3351 | Q7: =SQRT(M7^2+P7^2) -> 3960.4459 | R7: =M7/SQRT(M7^2+P7^2) -> 0.16773454
A8: Vdc_min (Tmax) | B8: =Capability!B8 -> 951.5 | C8: Vdc_min(sat) | D8: =IF(B8>1250,1250,IF(B8<B3*1.43,B3*1.43,B8)) -> 951.5 | H8: ='V_1,1pu_DIG'!H8 -> 885738.11 | I8: =Nm*(SQRT(IF(3/K_3^2*Ii^2*$B$3^2-(H8/Nm)^2<0.0000000001,0,3/K_3^2*Ii^2*$B$3^2-(H8/Nm)^2))+$B$3^2/K_3*K_4) -> 3855674.6 | J8: =SQRT(3)*SQRT(($B$3/SQRT(3)*K_1+SQRT(H8^2+I8^2)/SQRT(3)/$B$3/Nm*I8/SQRT(H8^2+I8^2)*K_2)^2+(SQRT(H8^2+I8^2)/SQRT(3)/$B$3/Nm*H8/SQRT(H8^2+I8^2)*K_2)^2) -> 661.78646 | K8: =Nm*(SQRT(Vi^2*$B$3^2/K_2^2-(H8/Nm)^2)-$B$3^2*K_1/K_2) -> 3979771 | L8: =IF(ABS(I8)<ABS(K8),I8,K8) -> 3855674.6 | M8: =H8/1000 -> 885.73811 | N8: =I8/1000 -> 3855.6746 | O8: =J8*1.43+10 -> 956.35464 | P8: =L8/1000 -> 3855.6746 | Q8: =SQRT(M8^2+P8^2) -> 3956.104 | R8: =M8/SQRT(M8^2+P8^2) -> 0.22389151
A9: TM_derating | B9: =IF(B25=1,IF(D7>aux!B12,(D7-aux!B12)/(aux!B13-aux!B12)*(aux!C13-aux!C12)+aux!C12,IF(D7>aux!B11,(D7-aux!B11)/(aux!B12-aux!B11)*(aux!C12-aux!C11)+aux!C11,aux!C10)),1) -> 1.0445397 | H9: ='V_1,1pu_DIG'!H9 -> 1107172.6 | I9: =Nm*(SQRT(IF(3/K_3^2*Ii^2*$B$3^2-(H9/Nm)^2<0.0000000001,0,3/K_3^2*Ii^2*$B$3^2-(H9/Nm)^2))+$B$3^2/K_3*K_4) -> 3792099.6 | J9: =SQRT(3)*SQRT(($B$3/SQRT(3)*K_1+SQRT(H9^2+I9^2)/SQRT(3)/$B$3/Nm*I9/SQRT(H9^2+I9^2)*K_2)^2+(SQRT(H9^2+I9^2)/SQRT(3)/$B$3/Nm*H9/SQRT(H9^2+I9^2)*K_2)^2) -> 660.22458 | K9: =Nm*(SQRT(Vi^2*$B$3^2/K_2^2-(H9/Nm)^2)-$B$3^2*K_1/K_2) -> 3970139.5 | L9: =IF(ABS(I9)<ABS(K9),I9,K9) -> 3792099.6 | M9: =H9/1000 -> 1107.1726 | N9: =I9/1000 -> 3792.0996 | O9: =J9*1.43+10 -> 954.12115 | P9: =L9/1000 -> 3792.0996 | Q9: =SQRT(M9^2+P9^2) -> 3950.4241 | R9: =M9/SQRT(M9^2+P9^2) -> 0.28026678
A10: Vdc_min derating | B10: =IF(B25=1,IF(D8>aux!B20,0,IF(D8>aux!B19,(D8-aux!B19)*(aux!C19-aux!C20)/(aux!B19-aux!B20)+aux!C19,IF(D8>aux!B18,(aux!C18-aux!C19)/(aux!B18-aux!B19)*(D8-aux!B18)+aux!C18,IF(D8>aux!B17,(aux!C17-aux!C18)/(aux!B17-aux!B18)*(D8-aux!B17)+aux!C17,aux!C17)))),1) -> 1.14925 | H10: ='V_1,1pu_DIG'!H10 -> 1328607.2 | I10: =Nm*(SQRT(IF(3/K_3^2*Ii^2*$B$3^2-(H10/Nm)^2<0.0000000001,0,3/K_3^2*Ii^2*$B$3^2-(H10/Nm)^2))+$B$3^2/K_3*K_4) -> 3712763.4 | J10: =SQRT(3)*SQRT(($B$3/SQRT(3)*K_1+SQRT(H10^2+I10^2)/SQRT(3)/$B$3/Nm*I10/SQRT(H10^2+I10^2)*K_2)^2+(SQRT(H10^2+I10^2)/SQRT(3)/$B$3/Nm*H10/SQRT(H10^2+I10^2)*K_2)^2) -> 658.27028 | K10: =Nm*(SQRT(Vi^2*$B$3^2/K_2^2-(H10/Nm)^2)-$B$3^2*K_1/K_2) -> 3958362.2 | L10: =IF(ABS(I10)<ABS(K10),I10,K10) -> 3712763.4 | M10: =H10/1000 -> 1328.6072 | N10: =I10/1000 -> 3712.7634 | O10: =J10*1.43+10 -> 951.3265 | P10: =L10/1000 -> 3712.7634 | Q10: =SQRT(M10^2+P10^2) -> 3943.3246 | R10: =M10/SQRT(M10^2+P10^2) -> 0.33692564
A11: Total derating@ TM | B11: =B9*B10 -> 1.2004372 | H11: ='V_1,1pu_DIG'!H11 -> 1550041.7 | I11: =Nm*(SQRT(IF(3/K_3^2*Ii^2*$B$3^2-(H11/Nm)^2<0.0000000001,0,3/K_3^2*Ii^2*$B$3^2-(H11/Nm)^2))+$B$3^2/K_3*K_4) -> 3616516.7 | J11: =SQRT(3)*SQRT(($B$3/SQRT(3)*K_1+SQRT(H11^2+I11^2)/SQRT(3)/$B$3/Nm*I11/SQRT(H11^2+I11^2)*K_2)^2+(SQRT(H11^2+I11^2)/SQRT(3)/$B$3/Nm*H11/SQRT(H11^2+I11^2)*K_2)^2) -> 655.8916 | K11: =Nm*(SQRT(Vi^2*$B$3^2/K_2^2-(H11/Nm)^2)-$B$3^2*K_1/K_2) -> 3944435.8 | L11: =IF(ABS(I11)<ABS(K11),I11,K11) -> 3616516.7 | M11: =H11/1000 -> 1550.0417 | N11: =I11/1000 -> 3616.5167 | O11: =J11*1.43+10 -> 947.92499 | P11: =L11/1000 -> 3616.5167 | Q11: =SQRT(M11^2+P11^2) -> 3934.6947 | R11: =M11/SQRT(M11^2+P11^2) -> 0.39394205
A12: Temperature Min (ºC) ( Tm) | B12: =Capability!B12 -> -5 | C12: Tm_H_corrected(ºC) | D12: =B12+aux!C6 -> 6.25 | H12: ='V_1,1pu_DIG'!H12 -> 1771476.2 | I12: =Nm*(SQRT(IF(3/K_3^2*Ii^2*$B$3^2-(H12/Nm)^2<0.0000000001,0,3/K_3^2*Ii^2*$B$3^2-(H12/Nm)^2))+$B$3^2/K_3*K_4) -> 3501809.1 | J12: =SQRT(3)*SQRT(($B$3/SQRT(3)*K_1+SQRT(H12^2+I12^2)/SQRT(3)/$B$3/Nm*I12/SQRT(H12^2+I12^2)*K_2)^2+(SQRT(H12^2+I12^2)/SQRT(3)/$B$3/Nm*H12/SQRT(H12^2+I12^2)*K_2)^2) -> 653.04536 | K12: =Nm*(SQRT(Vi^2*$B$3^2/K_2^2-(H12/Nm)^2)-$B$3^2*K_1/K_2) -> 3928356.3 | L12: =IF(ABS(I12)<ABS(K12),I12,K12) -> 3501809.1 | M12: =H12/1000 -> 1771.4762 | N12: =I12/1000 -> 3501.8091 | O12: =J12*1.43+10 -> 943.85487 | P12: =L12/1000 -> 3501.8091 | Q12: =SQRT(M12^2+P12^2) -> 3924.3847 | R12: =M12/SQRT(M12^2+P12^2) -> 0.45140229
A13: Vdc_max (Tmin) | B13: =Capability!B13 -> 1130 | C13: Vdc_max(sat) | D13: =IF(B13>1250,1250,IF(B13<B3*1.43,B3*1.43,B13)) -> 1130 | H13: ='V_1,1pu_DIG'!H13 -> 1992910.8 | I13: =Nm*(SQRT(IF(3/K_3^2*Ii^2*$B$3^2-(H13/Nm)^2<0.0000000001,0,3/K_3^2*Ii^2*$B$3^2-(H13/Nm)^2))+$B$3^2/K_3*K_4) -> 3366533.2 | J13: =SQRT(3)*SQRT(($B$3/SQRT(3)*K_1+SQRT(H13^2+I13^2)/SQRT(3)/$B$3/Nm*I13/SQRT(H13^2+I13^2)*K_2)^2+(SQRT(H13^2+I13^2)/SQRT(3)/$B$3/Nm*H13/SQRT(H13^2+I13^2)*K_2)^2) -> 649.67273 | K13: =Nm*(SQRT(Vi^2*$B$3^2/K_2^2-(H13/Nm)^2)-$B$3^2*K_1/K_2) -> 3910119.2 | L13: =IF(ABS(I13)<ABS(K13),I13,K13) -> 3366533.2 | M13: =H13/1000 -> 1992.9108 | N13: =I13/1000 -> 3366.5332 | O13: =J13*1.43+10 -> 939.03201 | P13: =L13/1000 -> 3366.5332 | Q13: =SQRT(M13^2+P13^2) -> 3912.1911 | R13: =M13/SQRT(M13^2+P13^2) -> 0.50941039
A14: Tm_derating | B14: =IF(B25=1,IF(D12>aux!B12,(D12-aux!B12)/(aux!B13-aux!B12)*(aux!C13-aux!C12)+aux!C12,IF(D12>aux!B11,(D12-aux!B11)/(aux!B12-aux!B11)*(aux!C12-aux!C11)+aux!C11,aux!C10)),1) -> 1.1161905 | H14: ='V_1,1pu_DIG'!H14 -> 2214345.3 | I14: =Nm*(SQRT(IF(3/K_3^2*Ii^2*$B$3^2-(H14/Nm)^2<0.0000000001,0,3/K_3^2*Ii^2*$B$3^2-(H14/Nm)^2))+$B$3^2/K_3*K_4) -> 3207766.2 | J14: =SQRT(3)*SQRT(($B$3/SQRT(3)*K_1+SQRT(H14^2+I14^2)/SQRT(3)/$B$3/Nm*I14/SQRT(H14^2+I14^2)*K_2)^2+(SQRT(H14^2+I14^2)/SQRT(3)/$B$3/Nm*H14/SQRT(H14^2+I14^2)*K_2)^2) -> 645.69197 | K14: =Nm*(SQRT(Vi^2*$B$3^2/K_2^2-(H14/Nm)^2)-$B$3^2*K_1/K_2) -> 3889719.3 | L14: =IF(ABS(I14)<ABS(K14),I14,K14) -> 3207766.2 | M14: =H14/1000 -> 2214.3453 | N14: =I14/1000 -> 3207.7662 | O14: =J14*1.43+10 -> 933.33952 | P14: =L14/1000 -> 3207.7662 | Q14: =SQRT(M14^2+P14^2) -> 3897.8313 | R14: =M14/SQRT(M14^2+P14^2) -> 0.56809674
A15: Vdc_derating(V) | B15: =IF(B25=1,IF(B13>aux!B20,0,IF(B13>aux!B19,(B13-aux!B19)*(aux!C19-aux!C20)/(aux!B19-aux!B20)+aux!C19,IF(B13>aux!B18,(aux!C18-aux!C19)/(aux!B18-aux!B19)*(B13-aux!B18)+aux!C18,IF(B13>aux!B17,(aux!C17-aux!C18)/(aux!B17-aux!B18)*(B13-aux!B17)+aux!C17,aux!C17)))),1) -> 1.06 | H15: ='V_1,1pu_DIG'!H15 -> 2435779.8 | I15: =Nm*(SQRT(IF(3/K_3^2*Ii^2*$B$3^2-(H15/Nm)^2<0.0000000001,0,3/K_3^2*Ii^2*$B$3^2-(H15/Nm)^2))+$B$3^2/K_3*K_4) -> 3021318 | J15: =SQRT(3)*SQRT(($B$3/SQRT(3)*K_1+SQRT(H15^2+I15^2)/SQRT(3)/$B$3/Nm*I15/SQRT(H15^2+I15^2)*K_2)^2+(SQRT(H15^2+I15^2)/SQRT(3)/$B$3/Nm*H15/SQRT(H15^2+I15^2)*K_2)^2) -> 640.98559 | K15: =Nm*(SQRT(Vi^2*$B$3^2/K_2^2-(H15/Nm)^2)-$B$3^2*K_1/K_2) -> 3867150.8 | L15: =IF(ABS(I15)<ABS(K15),I15,K15) -> 3021318 | M15: =H15/1000 -> 2435.7798 | N15: =I15/1000 -> 3021.318 | O15: =J15*1.43+10 -> 926.6094 | P15: =L15/1000 -> 3021.318 | Q15: =SQRT(M15^2+P15^2) -> 3880.9001 | R15: =M15/SQRT(M15^2+P15^2) -> 0.6276327
A16: Total derating@ Tm | B16: =B14*B15 -> 1.1831619 | H16: ='V_1,1pu_DIG'!H16 -> 2657214.3 | I16: =Nm*(SQRT(IF(3/K_3^2*Ii^2*$B$3^2-(H16/Nm)^2<0.0000000001,0,3/K_3^2*Ii^2*$B$3^2-(H16/Nm)^2))+$B$3^2/K_3*K_4) -> 2800871 | J16: =SQRT(3)*SQRT(($B$3/SQRT(3)*K_1+SQRT(H16^2+I16^2)/SQRT(3)/$B$3/Nm*I16/SQRT(H16^2+I16^2)*K_2)^2+(SQRT(H16^2+I16^2)/SQRT(3)/$B$3/Nm*H16/SQRT(H16^2+I16^2)*K_2)^2) -> 635.37603 | K16: =Nm*(SQRT(Vi^2*$B$3^2/K_2^2-(H16/Nm)^2)-$B$3^2*K_1/K_2) -> 3842407.2 | L16: =IF(ABS(I16)<ABS(K16),I16,K16) -> 2800871 | M16: =H16/1000 -> 2657.2143 | N16: =I16/1000 -> 2800.871 | O16: =J16*1.43+10 -> 918.58773 | P16: =L16/1000 -> 2800.871 | Q16: =SQRT(M16^2+P16^2) -> 3860.7857 | R16: =M16/SQRT(M16^2+P16^2) -> 0.6882574
H17: ='V_1,1pu_DIG'!H17 -> 2878648.9 | I17: =Nm*(SQRT(IF(3/K_3^2*Ii^2*$B$3^2-(H17/Nm)^2<0.0000000001,0,3/K_3^2*Ii^2*$B$3^2-(H17/Nm)^2))+$B$3^2/K_3*K_4) -> 2536149.2 | J17: =SQRT(3)*SQRT(($B$3/SQRT(3)*K_1+SQRT(H17^2+I17^2)/SQRT(3)/$B$3/Nm*I17/SQRT(H17^2+I17^2)*K_2)^2+(SQRT(H17^2+I17^2)/SQRT(3)/$B$3/Nm*H17/SQRT(H17^2+I17^2)*K_2)^2) -> 628.57369 | K17: =Nm*(SQRT(Vi^2*$B$3^2/K_2^2-(H17/Nm)^2)-$B$3^2*K_1/K_2) -> 3815481.6 | L17: =IF(ABS(I17)<ABS(K17),I17,K17) -> 2536149.2 | M17: =H17/1000 -> 2878.6489 | N17: =I17/1000 -> 2536.1492 | O17: =J17*1.43+10 -> 908.86038 | P17: =L17/1000 -> 2536.1492 | Q17: =SQRT(M17^2+P17^2) -> 3836.4922 | R17: =M17/SQRT(M17^2+P17^2) -> 0.75033357
A18: Derating factor for TM | B18: =MIN(B16,B11) -> 1.1831619 | H18: ='V_1,1pu_DIG'!H18 -> 3100083.4 | I18: =Nm*(SQRT(IF(3/K_3^2*Ii^2*$B$3^2-(H18/Nm)^2<0.0000000001,0,3/K_3^2*Ii^2*$B$3^2-(H18/Nm)^2))+$B$3^2/K_3*K_4) -> 2208294.6 | J18: =SQRT(3)*SQRT(($B$3/SQRT(3)*K_1+SQRT(H18^2+I18^2)/SQRT(3)/$B$3/Nm*I18/SQRT(H18^2+I18^2)*K_2)^2+(SQRT(H18^2+I18^2)/SQRT(3)/$B$3/Nm*H18/SQRT(H18^2+I18^2)*K_2)^2) -> 620.04565 | K18: =Nm*(SQRT(Vi^2*$B$3^2/K_2^2-(H18/Nm)^2)-$B$3^2*K_1/K_2) -> 3786366 | L18: =IF(ABS(I18)<ABS(K18),I18,K18) -> 2208294.6 | M18: =H18/1000 -> 3100.0834 | N18: =I18/1000 -> 2208.2946 | O18: =J18*1.43+10 -> 896.66528 | P18: =L18/1000 -> 2208.2946 | Q18: =SQRT(M18^2+P18^2) -> 3806.19 | R18: =M18/SQRT(M18^2+P18^2) -> 0.81448468
H19: ='V_1,1pu_DIG'!H19 -> 3321517.9 | I19: =Nm*(SQRT(IF(3/K_3^2*Ii^2*$B$3^2-(H19/Nm)^2<0.0000000001,0,3/K_3^2*Ii^2*$B$3^2-(H19/Nm)^2))+$B$3^2/K_3*K_4) -> 1774263 | J19: =SQRT(3)*SQRT(($B$3/SQRT(3)*K_1+SQRT(H19^2+I19^2)/SQRT(3)/$B$3/Nm*I19/SQRT(H19^2+I19^2)*K_2)^2+(SQRT(H19^2+I19^2)/SQRT(3)/$B$3/Nm*H19/SQRT(H19^2+I19^2)*K_2)^2) -> 608.57197 | K19: =Nm*(SQRT(Vi^2*$B$3^2/K_2^2-(H19/Nm)^2)-$B$3^2*K_1/K_2) -> 3755052.1 | L19: =IF(ABS(I19)<ABS(K19),I19,K19) -> 1774263 | M19: =H19/1000 -> 3321.5179 | N19: =I19/1000 -> 1774.263 | O19: =J19*1.43+10 -> 880.25791 | P19: =L19/1000 -> 1774.263 | Q19: =SQRT(M19^2+P19^2) -> 3765.6992 | R19: =M19/SQRT(M19^2+P19^2) -> 0.88204547
A20: Vi_max (V) | B20: =(D8-10)/1.43 -> 658.39161 | H20: ='V_1,1pu_DIG'!H20 -> 3542952.5 | I20: =Nm*(SQRT(IF(3/K_3^2*Ii^2*$B$3^2-(H20/Nm)^2<0.0000000001,0,3/K_3^2*Ii^2*$B$3^2-(H20/Nm)^2))+$B$3^2/K_3*K_4) -> 1059884.8 | J20: =SQRT(3)*SQRT(($B$3/SQRT(3)*K_1+SQRT(H20^2+I20^2)/SQRT(3)/$B$3/Nm*I20/SQRT(H20^2+I20^2)*K_2)^2+(SQRT(H20^2+I20^2)/SQRT(3)/$B$3/Nm*H20/SQRT(H20^2+I20^2)*K_2)^2) -> 589.20097 | K20: =Nm*(SQRT(Vi^2*$B$3^2/K_2^2-(H20/Nm)^2)-$B$3^2*K_1/K_2) -> 3721530.8 | L20: =IF(ABS(I20)<ABS(K20),I20,K20) -> 1059884.8 | M20: =H20/1000 -> 3542.9525 | N20: =I20/1000 -> 1059.8848 | O20: =J20*1.43+10 -> 852.55739 | P20: =L20/1000 -> 1059.8848 | Q20: =SQRT(M20^2+P20^2) -> 3698.0898 | R20: =M20/SQRT(M20^2+P20^2) -> 0.95804934
A21: Ii (A) | B21: =IF(B25=1,(IF(B9*B10>B18,B18,B9*B10))*Ii_r,B26) -> 1242.32 | H21: ='V_1,1pu_DIG'!H21 -> 3598311.1 | I21: =Nm*(SQRT(IF(3/K_3^2*Ii^2*$B$3^2-(H21/Nm)^2<0.0000000001,0,3/K_3^2*Ii^2*$B$3^2-(H21/Nm)^2))+$B$3^2/K_3*K_4) -> 675815.04 | J21: =SQRT(3)*SQRT(($B$3/SQRT(3)*K_1+SQRT(H21^2+I21^2)/SQRT(3)/$B$3/Nm*I21/SQRT(H21^2+I21^2)*K_2)^2+(SQRT(H21^2+I21^2)/SQRT(3)/$B$3/Nm*H21/SQRT(H21^2+I21^2)*K_2)^2) -> 578.51854 | K21: =Nm*(SQRT(Vi^2*$B$3^2/K_2^2-(H21/Nm)^2)-$B$3^2*K_1/K_2) -> 3712804.4 | L21: =IF(ABS(I21)<ABS(K21),I21,K21) -> 675815.04 | M21: =H21/1000 -> 3598.3111 | N21: =I21/1000 -> 675.81504 | O21: =J21*1.43+10 -> 837.28152 | P21: =L21/1000 -> 675.81504 | Q21: =SQRT(M21^2+P21^2) -> 3661.225 | R21: =M21/SQRT(M21^2+P21^2) -> 0.98281615
A22: P_max (W) (kW) | B22: =Nm*SQRT(3)*B3*Ii/K_3^2 -> 3623474.1 | C22: P_base (kW) | D22: =B22/1000 -> 3623.4741 | H22: ='V_1,1pu_DIG'!H22 -> 3653669.7 | I22: =Nm*(SQRT(IF(3/K_3^2*Ii^2*$B$3^2-(H22/Nm)^2<0.0000000001,0,3/K_3^2*Ii^2*$B$3^2-(H22/Nm)^2))+$B$3^2/K_3*K_4) -> 353190.14 | J22: =SQRT(3)*SQRT(($B$3/SQRT(3)*K_1+SQRT(H22^2+I22^2)/SQRT(3)/$B$3/Nm*I22/SQRT(H22^2+I22^2)*K_2)^2+(SQRT(H22^2+I22^2)/SQRT(3)/$B$3/Nm*H22/SQRT(H22^2+I22^2)*K_2)^2) -> 569.61009 | K22: =Nm*(SQRT(Vi^2*$B$3^2/K_2^2-(H22/Nm)^2)-$B$3^2*K_1/K_2) -> 3703939.3 | L22: =IF(ABS(I22)<ABS(K22),I22,K22) -> 353190.14 | M22: =H22/1000 -> 3653.6697 | N22: =I22/1000 -> 353.19014 | O22: =J22*1.43+10 -> 824.54243 | P22: =L22/1000 -> 353.19014 | Q22: =SQRT(M22^2+P22^2) -> 3670.701 | R22: =M22/SQRT(M22^2+P22^2) -> 0.99536022
A23: Prated (W) | B23: =B3*Ii*SQRT(3)*Nm -> 3602048.5 | C23: Prated (kW) | D23: =B23/1000 -> 3602.0485 | H23: ='V_1,1pu_DIG'!H23 -> 3709028.4 | I23: =Nm*(SQRT(IF(3/K_3^2*Ii^2*$B$3^2-(H23/Nm)^2<0.0000000001,0,3/K_3^2*Ii^2*$B$3^2-(H23/Nm)^2))+$B$3^2/K_3*K_4) -> 353190.14 | J23: =SQRT(3)*SQRT(($B$3/SQRT(3)*K_1+SQRT(H23^2+I23^2)/SQRT(3)/$B$3/Nm*I23/SQRT(H23^2+I23^2)*K_2)^2+(SQRT(H23^2+I23^2)/SQRT(3)/$B$3/Nm*H23/SQRT(H23^2+I23^2)*K_2)^2) -> 569.91124 | K23: =Nm*(SQRT(Vi^2*$B$3^2/K_2^2-(H23/Nm)^2)-$B$3^2*K_1/K_2) -> 3694935.3 | L23: =IF(ABS(I23)<ABS(K23),I23,K23) -> 353190.14 | M23: =H23/1000 -> 3709.0284 | N23: =I23/1000 -> 353.19014 | O23: =J23*1.43+10 -> 824.97308 | P23: =L23/1000 -> 353.19014 | Q23: =SQRT(M23^2+P23^2) -> 3725.8066 | R23: =M23/SQRT(M23^2+P23^2) -> 0.99549676
H24: ='V_1,1pu_DIG'!H24 -> 3764387 | I24: =Nm*(SQRT(IF(3/K_3^2*Ii^2*$B$3^2-(H24/Nm)^2<0.0000000001,0,3/K_3^2*Ii^2*$B$3^2-(H24/Nm)^2))+$B$3^2/K_3*K_4) -> 353190.14 | J24: =SQRT(3)*SQRT(($B$3/SQRT(3)*K_1+SQRT(H24^2+I24^2)/SQRT(3)/$B$3/Nm*I24/SQRT(H24^2+I24^2)*K_2)^2+(SQRT(H24^2+I24^2)/SQRT(3)/$B$3/Nm*H24/SQRT(H24^2+I24^2)*K_2)^2) -> 570.21677 | K24: =Nm*(SQRT(Vi^2*$B$3^2/K_2^2-(H24/Nm)^2)-$B$3^2*K_1/K_2) -> 3685792.2 | L24: =IF(ABS(I24)<ABS(K24),I24,K24) -> 353190.14 | M24: =H24/1000 -> 3764.387 | N24: =I24/1000 -> 353.19014 | O24: =J24*1.43+10 -> 825.40998 | P24: =L24/1000 -> 353.19014 | Q24: =SQRT(M24^2+P24^2) -> 3780.9196 | R24: =M24/SQRT(M24^2+P24^2) -> 0.99562737
A25: GPTech Inverter | B25: =Capability!B25 -> 1 | H25: ='V_1,1pu_DIG'!H25 -> 3819745.6 | I25: =Nm*(SQRT(IF(3/K_3^2*Ii^2*$B$3^2-(H25/Nm)^2<0.0000000001,0,3/K_3^2*Ii^2*$B$3^2-(H25/Nm)^2))+$B$3^2/K_3*K_4) -> 353190.14 | J25: =SQRT(3)*SQRT(($B$3/SQRT(3)*K_1+SQRT(H25^2+I25^2)/SQRT(3)/$B$3/Nm*I25/SQRT(H25^2+I25^2)*K_2)^2+(SQRT(H25^2+I25^2)/SQRT(3)/$B$3/Nm*H25/SQRT(H25^2+I25^2)*K_2)^2) -> 570.52665 | K25: =Nm*(SQRT(Vi^2*$B$3^2/K_2^2-(H25/Nm)^2)-$B$3^2*K_1/K_2) -> 3676509.9 | L25: =IF(ABS(I25)<ABS(K25),I25,K25) -> 353190.14 | M25: =H25/1000 -> 3819.7456 | N25: =I25/1000 -> 353.19014 | O25: =J25*1.43+10 -> 825.85311 | P25: =L25/1000 -> 353.19014 | Q25: =SQRT(M25^2+P25^2) -> 3836.0396 | R25: =M25/SQRT(M25^2+P25^2) -> 0.99575239
A26: Inverter output current (A) | B26: =Capability!B26 -> 1250 | H26: ='V_1,1pu_DIG'!H26 -> 3875104.2 | I26: =Nm*(SQRT(IF(3/K_3^2*Ii^2*$B$3^2-(H26/Nm)^2<0.0000000001,0,3/K_3^2*Ii^2*$B$3^2-(H26/Nm)^2))+$B$3^2/K_3*K_4) -> 353190.14 | J26: =SQRT(3)*SQRT(($B$3/SQRT(3)*K_1+SQRT(H26^2+I26^2)/SQRT(3)/$B$3/Nm*I26/SQRT(H26^2+I26^2)*K_2)^2+(SQRT(H26^2+I26^2)/SQRT(3)/$B$3/Nm*H26/SQRT(H26^2+I26^2)*K_2)^2) -> 570.84088 | K26: =Nm*(SQRT(Vi^2*$B$3^2/K_2^2-(H26/Nm)^2)-$B$3^2*K_1/K_2) -> 3667088.2 | L26: =IF(ABS(I26)<ABS(K26),I26,K26) -> 353190.14 | M26: =H26/1000 -> 3875.1042 | N26: =I26/1000 -> 353.19014 | O26: =J26*1.43+10 -> 826.30246 | P26: =L26/1000 -> 353.19014 | Q26: =SQRT(M26^2+P26^2) -> 3891.1664 | R26: =M26/SQRT(M26^2+P26^2) -> 0.99587214
H27: ='V_1,1pu_DIG'!H27 -> 3930462.9 | I27: =Nm*(SQRT(IF(3/K_3^2*Ii^2*$B$3^2-(H27/Nm)^2<0.0000000001,0,3/K_3^2*Ii^2*$B$3^2-(H27/Nm)^2))+$B$3^2/K_3*K_4) -> 353190.14 | J27: =SQRT(3)*SQRT(($B$3/SQRT(3)*K_1+SQRT(H27^2+I27^2)/SQRT(3)/$B$3/Nm*I27/SQRT(H27^2+I27^2)*K_2)^2+(SQRT(H27^2+I27^2)/SQRT(3)/$B$3/Nm*H27/SQRT(H27^2+I27^2)*K_2)^2) -> 571.15946 | K27: =Nm*(SQRT(Vi^2*$B$3^2/K_2^2-(H27/Nm)^2)-$B$3^2*K_1/K_2) -> 3657526.9 | L27: =IF(ABS(I27)<ABS(K27),I27,K27) -> 353190.14 | M27: =H27/1000 -> 3930.4629 | N27: =I27/1000 -> 353.19014 | O27: =J27*1.43+10 -> 826.75803 | P27: =L27/1000 -> 353.19014 | Q27: =SQRT(M27^2+P27^2) -> 3946.2998 | R27: =M27/SQRT(M27^2+P27^2) -> 0.99598691
A28: Set Point Calculation Tool (@Tmax) | H28: ='V_1,1pu_DIG'!H28 -> 3985821.5 | I28: =Nm*(SQRT(IF(3/K_3^2*Ii^2*$B$3^2-(H28/Nm)^2<0.0000000001,0,3/K_3^2*Ii^2*$B$3^2-(H28/Nm)^2))+$B$3^2/K_3*K_4) -> 353190.14 | J28: =SQRT(3)*SQRT(($B$3/SQRT(3)*K_1+SQRT(H28^2+I28^2)/SQRT(3)/$B$3/Nm*I28/SQRT(H28^2+I28^2)*K_2)^2+(SQRT(H28^2+I28^2)/SQRT(3)/$B$3/Nm*H28/SQRT(H28^2+I28^2)*K_2)^2) -> 571.48238 | K28: =Nm*(SQRT(Vi^2*$B$3^2/K_2^2-(H28/Nm)^2)-$B$3^2*K_1/K_2) -> 3647825.8 | L28: =IF(ABS(I28)<ABS(K28),I28,K28) -> 353190.14 | M28: =H28/1000 -> 3985.8215 | N28: =I28/1000 -> 353.19014 | O28: =J28*1.43+10 -> 827.2198 | P28: =L28/1000 -> 353.19014 | Q28: =SQRT(M28^2+P28^2) -> 4001.4393 | R28: =M28/SQRT(M28^2+P28^2) -> 0.99609696
A29: P | B29: =Capability!B29 -> 2846 | C29: =IF(B29>D23,D23,B29) -> 2846 | H29: ='V_1,1pu_DIG'!H29 -> 4041180.1 | I29: =Nm*(SQRT(IF(3/K_3^2*Ii^2*$B$3^2-(H29/Nm)^2<0.0000000001,0,3/K_3^2*Ii^2*$B$3^2-(H29/Nm)^2))+$B$3^2/K_3*K_4) -> 353190.14 | J29: =SQRT(3)*SQRT(($B$3/SQRT(3)*K_1+SQRT(H29^2+I29^2)/SQRT(3)/$B$3/Nm*I29/SQRT(H29^2+I29^2)*K_2)^2+(SQRT(H29^2+I29^2)/SQRT(3)/$B$3/Nm*H29/SQRT(H29^2+I29^2)*K_2)^2) -> 571.80962 | K29: =Nm*(SQRT(Vi^2*$B$3^2/K_2^2-(H29/Nm)^2)-$B$3^2*K_1/K_2) -> 3637984.9 | L29: =IF(ABS(I29)<ABS(K29),I29,K29) -> 353190.14 | M29: =H29/1000 -> 4041.1801 | N29: =I29/1000 -> 353.19014 | O29: =J29*1.43+10 -> 827.68776 | P29: =L29/1000 -> 353.19014 | Q29: =SQRT(M29^2+P29^2) -> 4056.5848 | R29: =M29/SQRT(M29^2+P29^2) -> 0.99620256
B30: Q_ind_lim | C30: =Nm/1000*(-SQRT(3/K_3^2*Ii^2*B3^2-($C$29*1000/Nm)^2)+B3^2*K_4/K_3) -> -1872.1668 | H30: ='V_1,1pu_DIG'!H30 -> 4096538.8 | I30: =Nm*(SQRT(IF(3/K_3^2*Ii^2*$B$3^2-(H30/Nm)^2<0.0000000001,0,3/K_3^2*Ii^2*$B$3^2-(H30/Nm)^2))+$B$3^2/K_3*K_4) -> 353190.14 | J30: =SQRT(3)*SQRT(($B$3/SQRT(3)*K_1+SQRT(H30^2+I30^2)/SQRT(3)/$B$3/Nm*I30/SQRT(H30^2+I30^2)*K_2)^2+(SQRT(H30^2+I30^2)/SQRT(3)/$B$3/Nm*H30/SQRT(H30^2+I30^2)*K_2)^2) -> 572.14119 | K30: =Nm*(SQRT(Vi^2*$B$3^2/K_2^2-(H30/Nm)^2)-$B$3^2*K_1/K_2) -> 3628003.8 | L30: =IF(ABS(I30)<ABS(K30),I30,K30) -> 353190.14 | M30: =H30/1000 -> 4096.5388 | N30: =I30/1000 -> 353.19014 | O30: =J30*1.43+10 -> 828.1619 | P30: =L30/1000 -> 353.19014 | Q30: =SQRT(M30^2+P30^2) -> 4111.736 | R30: =M30/SQRT(M30^2+P30^2) -> 0.99630393
B31: Q_cap_lim | C31: =IF(ABS( Nm/1000*(SQRT(3/K_3^2*Ii^2*B3^2-($C$29*1000/Nm)^2)+B3^2*K_4/K_3))<ABS(Nm/1000*(SQRT(Vi^2*B3^2/K_2^2-($C$29*1000/Nm)^2)-B3^2*K_1/K_2)),Nm/1000*(SQRT(3/K_3^2*Ii^2*B3^2-($C$29*1000/Nm)^2)+B3^2*K_4/K_3), Nm/1000*(SQRT(Vi^2*B3^2/K_2^2-($C$29*1000/Nm)^2)-B3^2*K_1/K_2)) -> 2578.5471 | H31: ='V_1,1pu_DIG'!H31 -> 4151897.4 | I31: =Nm*(SQRT(IF(3/K_3^2*Ii^2*$B$3^2-(H31/Nm)^2<0.0000000001,0,3/K_3^2*Ii^2*$B$3^2-(H31/Nm)^2))+$B$3^2/K_3*K_4) -> 353190.14 | J31: =SQRT(3)*SQRT(($B$3/SQRT(3)*K_1+SQRT(H31^2+I31^2)/SQRT(3)/$B$3/Nm*I31/SQRT(H31^2+I31^2)*K_2)^2+(SQRT(H31^2+I31^2)/SQRT(3)/$B$3/Nm*H31/SQRT(H31^2+I31^2)*K_2)^2) -> 572.47707 | K31: =Nm*(SQRT(Vi^2*$B$3^2/K_2^2-(H31/Nm)^2)-$B$3^2*K_1/K_2) -> 3617882.4 | L31: =IF(ABS(I31)<ABS(K31),I31,K31) -> 353190.14 | M31: =H31/1000 -> 4151.8974 | N31: =I31/1000 -> 353.19014 | O31: =J31*1.43+10 -> 828.64222 | P31: =L31/1000 -> 353.19014 | Q31: =SQRT(M31^2+P31^2) -> 4166.8928 | R31: =M31/SQRT(M31^2+P31^2) -> 0.99640131
A32: Q | B32: =Capability!B32 -> 0 | C32: =IF(B32<C30,C30,IF(B32>C31,C31,B32)) -> 0 | H32: ='V_1,1pu_DIG'!H32 -> 4207256 | I32: =Nm*(SQRT(IF(3/K_3^2*Ii^2*$B$3^2-(H32/Nm)^2<0.0000000001,0,3/K_3^2*Ii^2*$B$3^2-(H32/Nm)^2))+$B$3^2/K_3*K_4) -> 353190.14 | J32: =SQRT(3)*SQRT(($B$3/SQRT(3)*K_1+SQRT(H32^2+I32^2)/SQRT(3)/$B$3/Nm*I32/SQRT(H32^2+I32^2)*K_2)^2+(SQRT(H32^2+I32^2)/SQRT(3)/$B$3/Nm*H32/SQRT(H32^2+I32^2)*K_2)^2) -> 572.81727 | K32: =Nm*(SQRT(Vi^2*$B$3^2/K_2^2-(H32/Nm)^2)-$B$3^2*K_1/K_2) -> 3607620.5 | L32: =IF(ABS(I32)<ABS(K32),I32,K32) -> 353190.14 | M32: =H32/1000 -> 4207.256 | N32: =I32/1000 -> 353.19014 | O32: =J32*1.43+10 -> 829.12869 | P32: =L32/1000 -> 353.19014 | Q32: =SQRT(M32^2+P32^2) -> 4222.0548 | R32: =M32/SQRT(M32^2+P32^2) -> 0.99649489
A33: PF | B33: =C29/SQRT(C29^2+C32^2) -> 1 | C33: Io(P,Q) (A) | D33: =SQRT(C29^2+C32^2)/(SQRT(3)*B3)*1000 -> 2944.6933 | H33: ='V_1,1pu_DIG'!H33 -> 4262614.7 | I33: =Nm*(SQRT(IF(3/K_3^2*Ii^2*$B$3^2-(H33/Nm)^2<0.0000000001,0,3/K_3^2*Ii^2*$B$3^2-(H33/Nm)^2))+$B$3^2/K_3*K_4) -> 353190.14 | J33: =SQRT(3)*SQRT(($B$3/SQRT(3)*K_1+SQRT(H33^2+I33^2)/SQRT(3)/$B$3/Nm*I33/SQRT(H33^2+I33^2)*K_2)^2+(SQRT(H33^2+I33^2)/SQRT(3)/$B$3/Nm*H33/SQRT(H33^2+I33^2)*K_2)^2) -> 573.16176 | K33: =Nm*(SQRT(Vi^2*$B$3^2/K_2^2-(H33/Nm)^2)-$B$3^2*K_1/K_2) -> 3597217.9 | L33: =IF(ABS(I33)<ABS(K33),I33,K33) -> 353190.14 | M33: =H33/1000 -> 4262.6147 | N33: =I33/1000 -> 353.19014 | O33: =J33*1.43+10 -> 829.62131 | P33: =L33/1000 -> 353.19014 | Q33: =SQRT(M33^2+P33^2) -> 4277.2219 | R33: =M33/SQRT(M33^2+P33^2) -> 0.99658488
A34: Vdc_min(V) | B34: =Vdc_offset+Vac_to_Vdc*SQRT(3)*SQRT(K_1^2*B3^2/3+K_2^2/3*($C$29^2+$C$32^2)*1000^2/B3^2/Nm^2+2/3*K_1*K_2*$C$32*1000/Nm) -> 804.47997 | H34: ='V_1,1pu_DIG'!H34 -> 4317973.3 | I34: =Nm*(SQRT(IF(3/K_3^2*Ii^2*$B$3^2-(H34/Nm)^2<0.0000000001,0,3/K_3^2*Ii^2*$B$3^2-(H34/Nm)^2))+$B$3^2/K_3*K_4) -> 353190.14 | J34: =SQRT(3)*SQRT(($B$3/SQRT(3)*K_1+SQRT(H34^2+I34^2)/SQRT(3)/$B$3/Nm*I34/SQRT(H34^2+I34^2)*K_2)^2+(SQRT(H34^2+I34^2)/SQRT(3)/$B$3/Nm*H34/SQRT(H34^2+I34^2)*K_2)^2) -> 573.51054 | K34: =Nm*(SQRT(Vi^2*$B$3^2/K_2^2-(H34/Nm)^2)-$B$3^2*K_1/K_2) -> 3586674.4 | L34: =IF(ABS(I34)<ABS(K34),I34,K34) -> 353190.14 | M34: =H34/1000 -> 4317.9733 | N34: =I34/1000 -> 353.19014 | O34: =J34*1.43+10 -> 830.12007 | P34: =L34/1000 -> 353.19014 | Q34: =SQRT(M34^2+P34^2) -> 4332.3939 | R34: =M34/SQRT(M34^2+P34^2) -> 0.99667145
A35: Vac_max(V) | B35: =SQRT(3)*SQRT(K_1^2*B3^2/3+K_2^2/3*($C$29^2+$C$32^2)*1000^2/B3^2/Nm^2+2/3*K_1*K_2*$C$32*1000/Nm) -> 555.5804 | H35: ='V_1,1pu_DIG'!H35 -> 4373331.9 | I35: =Nm*(SQRT(IF(3/K_3^2*Ii^2*$B$3^2-(H35/Nm)^2<0.0000000001,0,3/K_3^2*Ii^2*$B$3^2-(H35/Nm)^2))+$B$3^2/K_3*K_4) -> 353190.14 | J35: =SQRT(3)*SQRT(($B$3/SQRT(3)*K_1+SQRT(H35^2+I35^2)/SQRT(3)/$B$3/Nm*I35/SQRT(H35^2+I35^2)*K_2)^2+(SQRT(H35^2+I35^2)/SQRT(3)/$B$3/Nm*H35/SQRT(H35^2+I35^2)*K_2)^2) -> 573.86361 | K35: =Nm*(SQRT(Vi^2*$B$3^2/K_2^2-(H35/Nm)^2)-$B$3^2*K_1/K_2) -> 3575989.8 | L35: =IF(ABS(I35)<ABS(K35),I35,K35) -> 353190.14 | M35: =H35/1000 -> 4373.3319 | N35: =I35/1000 -> 353.19014 | O35: =J35*1.43+10 -> 830.62496 | P35: =L35/1000 -> 353.19014 | Q35: =SQRT(M35^2+P35^2) -> 4387.5706 | R35: =M35/SQRT(M35^2+P35^2) -> 0.99675478
H36: ='V_1,1pu_DIG'!H36 -> 4428690.6 | I36: =Nm*(SQRT(IF(3/K_3^2*Ii^2*$B$3^2-(H36/Nm)^2<0.0000000001,0,3/K_3^2*Ii^2*$B$3^2-(H36/Nm)^2))+$B$3^2/K_3*K_4) -> 353190.14 | J36: =SQRT(3)*SQRT(($B$3/SQRT(3)*K_1+SQRT(H36^2+I36^2)/SQRT(3)/$B$3/Nm*I36/SQRT(H36^2+I36^2)*K_2)^2+(SQRT(H36^2+I36^2)/SQRT(3)/$B$3/Nm*H36/SQRT(H36^2+I36^2)*K_2)^2) -> 574.22095 | K36: =Nm*(SQRT(Vi^2*$B$3^2/K_2^2-(H36/Nm)^2)-$B$3^2*K_1/K_2) -> 3565164 | L36: =IF(ABS(I36)<ABS(K36),I36,K36) -> 353190.14 | M36: =H36/1000 -> 4428.6906 | N36: =I36/1000 -> 353.19014 | O36: =J36*1.43+10 -> 831.13596 | P36: =L36/1000 -> 353.19014 | Q36: =SQRT(M36^2+P36^2) -> 4442.7518 | R36: =M36/SQRT(M36^2+P36^2) -> 0.99683502
H37: ='V_1,1pu_DIG'!H37 -> 4373331.9 | I37: =Nm*(-SQRT(IF(3/K_3^2*Ii^2*$B$3^2-(H37/Nm)^2<0.0000000001,0,3/K_3^2*Ii^2*$B$3^2-(H37/Nm)^2))+$B$3^2/K_3*K_4) -> 353190.14 | J37: =SQRT(3)*SQRT(($B$3/SQRT(3)*K_1+SQRT(H37^2+I37^2)/SQRT(3)/$B$3/Nm*I37/SQRT(H37^2+I37^2)*K_2)^2+(SQRT(H37^2+I37^2)/SQRT(3)/$B$3/Nm*H37/SQRT(H37^2+I37^2)*K_2)^2) -> 573.86361 | K37: =Nm*(-SQRT(Vi^2*$B$3^2/K_2^2-(H37/Nm)^2)-$B$3^2*K_1/K_2) -> -41444590 | L37: =IF(ABS(I37)<ABS(K37),I37,K37) -> 353190.14 | M37: =H37/1000 -> 4373.3319 | N37: =I37/1000 -> 353.19014 | O37: =J37*1.43+10 -> 830.62496 | P37: =L37/1000 -> 353.19014 | Q37: =SQRT(M37^2+P37^2) -> 4387.5706 | R37: =M37/SQRT(M37^2+P37^2) -> 0.99675478
H38: ='V_1,1pu_DIG'!H38 -> 4317973.3 | I38: =Nm*(-SQRT(IF(3/K_3^2*Ii^2*$B$3^2-(H38/Nm)^2<0.0000000001,0,3/K_3^2*Ii^2*$B$3^2-(H38/Nm)^2))+$B$3^2/K_3*K_4) -> 353190.14 | J38: =SQRT(3)*SQRT(($B$3/SQRT(3)*K_1+SQRT(H38^2+I38^2)/SQRT(3)/$B$3/Nm*I38/SQRT(H38^2+I38^2)*K_2)^2+(SQRT(H38^2+I38^2)/SQRT(3)/$B$3/Nm*H38/SQRT(H38^2+I38^2)*K_2)^2) -> 573.51054 | K38: =Nm*(-SQRT(Vi^2*$B$3^2/K_2^2-(H38/Nm)^2)-$B$3^2*K_1/K_2) -> -41455274 | L38: =IF(ABS(I38)<ABS(K38),I38,K38) -> 353190.14 | M38: =H38/1000 -> 4317.9733 | N38: =I38/1000 -> 353.19014 | O38: =J38*1.43+10 -> 830.12007 | P38: =L38/1000 -> 353.19014 | Q38: =SQRT(M38^2+P38^2) -> 4332.3939 | R38: =M38/SQRT(M38^2+P38^2) -> 0.99667145
H39: ='V_1,1pu_DIG'!H39 -> 4262614.7 | I39: =Nm*(-SQRT(IF(3/K_3^2*Ii^2*$B$3^2-(H39/Nm)^2<0.0000000001,0,3/K_3^2*Ii^2*$B$3^2-(H39/Nm)^2))+$B$3^2/K_3*K_4) -> 353190.14 | J39: =SQRT(3)*SQRT(($B$3/SQRT(3)*K_1+SQRT(H39^2+I39^2)/SQRT(3)/$B$3/Nm*I39/SQRT(H39^2+I39^2)*K_2)^2+(SQRT(H39^2+I39^2)/SQRT(3)/$B$3/Nm*H39/SQRT(H39^2+I39^2)*K_2)^2) -> 573.16176 | K39: =Nm*(-SQRT(Vi^2*$B$3^2/K_2^2-(H39/Nm)^2)-$B$3^2*K_1/K_2) -> -41465818 | L39: =IF(ABS(I39)<ABS(K39),I39,K39) -> 353190.14 | M39: =H39/1000 -> 4262.6147 | N39: =I39/1000 -> 353.19014 | O39: =J39*1.43+10 -> 829.62131 | P39: =L39/1000 -> 353.19014 | Q39: =SQRT(M39^2+P39^2) -> 4277.2219 | R39: =M39/SQRT(M39^2+P39^2) -> 0.99658488
H40: ='V_1,1pu_DIG'!H40 -> 4207256 | I40: =Nm*(-SQRT(IF(3/K_3^2*Ii^2*$B$3^2-(H40/Nm)^2<0.0000000001,0,3/K_3^2*Ii^2*$B$3^2-(H40/Nm)^2))+$B$3^2/K_3*K_4) -> 353190.14 | J40: =SQRT(3)*SQRT(($B$3/SQRT(3)*K_1+SQRT(H40^2+I40^2)/SQRT(3)/$B$3/Nm*I40/SQRT(H40^2+I40^2)*K_2)^2+(SQRT(H40^2+I40^2)/SQRT(3)/$B$3/Nm*H40/SQRT(H40^2+I40^2)*K_2)^2) -> 572.81727 | K40: =Nm*(-SQRT(Vi^2*$B$3^2/K_2^2-(H40/Nm)^2)-$B$3^2*K_1/K_2) -> -41476220 | L40: =IF(ABS(I40)<ABS(K40),I40,K40) -> 353190.14 | M40: =H40/1000 -> 4207.256 | N40: =I40/1000 -> 353.19014 | O40: =J40*1.43+10 -> 829.12869 | P40: =L40/1000 -> 353.19014 | Q40: =SQRT(M40^2+P40^2) -> 4222.0548 | R40: =M40/SQRT(M40^2+P40^2) -> 0.99649489
H41: ='V_1,1pu_DIG'!H41 -> 4151897.4 | I41: =Nm*(-SQRT(IF(3/K_3^2*Ii^2*$B$3^2-(H41/Nm)^2<0.0000000001,0,3/K_3^2*Ii^2*$B$3^2-(H41/Nm)^2))+$B$3^2/K_3*K_4) -> 353190.14 | J41: =SQRT(3)*SQRT(($B$3/SQRT(3)*K_1+SQRT(H41^2+I41^2)/SQRT(3)/$B$3/Nm*I41/SQRT(H41^2+I41^2)*K_2)^2+(SQRT(H41^2+I41^2)/SQRT(3)/$B$3/Nm*H41/SQRT(H41^2+I41^2)*K_2)^2) -> 572.47707 | K41: =Nm*(-SQRT(Vi^2*$B$3^2/K_2^2-(H41/Nm)^2)-$B$3^2*K_1/K_2) -> -41486482 | L41: =IF(ABS(I41)<ABS(K41),I41,K41) -> 353190.14 | M41: =H41/1000 -> 4151.8974 | N41: =I41/1000 -> 353.19014 | O41: =J41*1.43+10 -> 828.64222 | P41: =L41/1000 -> 353.19014 | Q41: =SQRT(M41^2+P41^2) -> 4166.8928 | R41: =M41/SQRT(M41^2+P41^2) -> 0.99640131
H42: ='V_1,1pu_DIG'!H42 -> 4096538.8 | I42: =Nm*(-SQRT(IF(3/K_3^2*Ii^2*$B$3^2-(H42/Nm)^2<0.0000000001,0,3/K_3^2*Ii^2*$B$3^2-(H42/Nm)^2))+$B$3^2/K_3*K_4) -> 353190.14 | J42: =SQRT(3)*SQRT(($B$3/SQRT(3)*K_1+SQRT(H42^2+I42^2)/SQRT(3)/$B$3/Nm*I42/SQRT(H42^2+I42^2)*K_2)^2+(SQRT(H42^2+I42^2)/SQRT(3)/$B$3/Nm*H42/SQRT(H42^2+I42^2)*K_2)^2) -> 572.14119 | K42: =Nm*(-SQRT(Vi^2*$B$3^2/K_2^2-(H42/Nm)^2)-$B$3^2*K_1/K_2) -> -41496604 | L42: =IF(ABS(I42)<ABS(K42),I42,K42) -> 353190.14 | M42: =H42/1000 -> 4096.5388 | N42: =I42/1000 -> 353.19014 | O42: =J42*1.43+10 -> 828.1619 | P42: =L42/1000 -> 353.19014 | Q42: =SQRT(M42^2+P42^2) -> 4111.736 | R42: =M42/SQRT(M42^2+P42^2) -> 0.99630393
H43: ='V_1,1pu_DIG'!H43 -> 4041180.1 | I43: =Nm*(-SQRT(IF(3/K_3^2*Ii^2*$B$3^2-(H43/Nm)^2<0.0000000001,0,3/K_3^2*Ii^2*$B$3^2-(H43/Nm)^2))+$B$3^2/K_3*K_4) -> 353190.14 | J43: =SQRT(3)*SQRT(($B$3/SQRT(3)*K_1+SQRT(H43^2+I43^2)/SQRT(3)/$B$3/Nm*I43/SQRT(H43^2+I43^2)*K_2)^2+(SQRT(H43^2+I43^2)/SQRT(3)/$B$3/Nm*H43/SQRT(H43^2+I43^2)*K_2)^2) -> 571.80962 | K43: =Nm*(-SQRT(Vi^2*$B$3^2/K_2^2-(H43/Nm)^2)-$B$3^2*K_1/K_2) -> -41506585 | L43: =IF(ABS(I43)<ABS(K43),I43,K43) -> 353190.14 | M43: =H43/1000 -> 4041.1801 | N43: =I43/1000 -> 353.19014 | O43: =J43*1.43+10 -> 827.68776 | P43: =L43/1000 -> 353.19014 | Q43: =SQRT(M43^2+P43^2) -> 4056.5848 | R43: =M43/SQRT(M43^2+P43^2) -> 0.99620256
H44: ='V_1,1pu_DIG'!H44 -> 3985821.5 | I44: =Nm*(-SQRT(IF(3/K_3^2*Ii^2*$B$3^2-(H44/Nm)^2<0.0000000001,0,3/K_3^2*Ii^2*$B$3^2-(H44/Nm)^2))+$B$3^2/K_3*K_4) -> 353190.14 | J44: =SQRT(3)*SQRT(($B$3/SQRT(3)*K_1+SQRT(H44^2+I44^2)/SQRT(3)/$B$3/Nm*I44/SQRT(H44^2+I44^2)*K_2)^2+(SQRT(H44^2+I44^2)/SQRT(3)/$B$3/Nm*H44/SQRT(H44^2+I44^2)*K_2)^2) -> 571.48238 | K44: =Nm*(-SQRT(Vi^2*$B$3^2/K_2^2-(H44/Nm)^2)-$B$3^2*K_1/K_2) -> -41516426 | L44: =IF(ABS(I44)<ABS(K44),I44,K44) -> 353190.14 | M44: =H44/1000 -> 3985.8215 | N44: =I44/1000 -> 353.19014 | O44: =J44*1.43+10 -> 827.2198 | P44: =L44/1000 -> 353.19014 | Q44: =SQRT(M44^2+P44^2) -> 4001.4393 | R44: =M44/SQRT(M44^2+P44^2) -> 0.99609696
H45: ='V_1,1pu_DIG'!H45 -> 3930462.9 | I45: =Nm*(-SQRT(IF(3/K_3^2*Ii^2*$B$3^2-(H45/Nm)^2<0.0000000001,0,3/K_3^2*Ii^2*$B$3^2-(H45/Nm)^2))+$B$3^2/K_3*K_4) -> 353190.14 | J45: =SQRT(3)*SQRT(($B$3/SQRT(3)*K_1+SQRT(H45^2+I45^2)/SQRT(3)/$B$3/Nm*I45/SQRT(H45^2+I45^2)*K_2)^2+(SQRT(H45^2+I45^2)/SQRT(3)/$B$3/Nm*H45/SQRT(H45^2+I45^2)*K_2)^2) -> 571.15946 | K45: =Nm*(-SQRT(Vi^2*$B$3^2/K_2^2-(H45/Nm)^2)-$B$3^2*K_1/K_2) -> -41526127 | L45: =IF(ABS(I45)<ABS(K45),I45,K45) -> 353190.14 | M45: =H45/1000 -> 3930.4629 | N45: =I45/1000 -> 353.19014 | O45: =J45*1.43+10 -> 826.75803 | P45: =L45/1000 -> 353.19014 | Q45: =SQRT(M45^2+P45^2) -> 3946.2998 | R45: =M45/SQRT(M45^2+P45^2) -> 0.99598691
H46: ='V_1,1pu_DIG'!H46 -> 3875104.2 | I46: =Nm*(-SQRT(IF(3/K_3^2*Ii^2*$B$3^2-(H46/Nm)^2<0.0000000001,0,3/K_3^2*Ii^2*$B$3^2-(H46/Nm)^2))+$B$3^2/K_3*K_4) -> 353190.14 | J46: =SQRT(3)*SQRT(($B$3/SQRT(3)*K_1+SQRT(H46^2+I46^2)/SQRT(3)/$B$3/Nm*I46/SQRT(H46^2+I46^2)*K_2)^2+(SQRT(H46^2+I46^2)/SQRT(3)/$B$3/Nm*H46/SQRT(H46^2+I46^2)*K_2)^2) -> 570.84088 | K46: =Nm*(-SQRT(Vi^2*$B$3^2/K_2^2-(H46/Nm)^2)-$B$3^2*K_1/K_2) -> -41535688 | L46: =IF(ABS(I46)<ABS(K46),I46,K46) -> 353190.14 | M46: =H46/1000 -> 3875.1042 | N46: =I46/1000 -> 353.19014 | O46: =J46*1.43+10 -> 826.30246 | P46: =L46/1000 -> 353.19014 | Q46: =SQRT(M46^2+P46^2) -> 3891.1664 | R46: =M46/SQRT(M46^2+P46^2) -> 0.99587214
H47: ='V_1,1pu_DIG'!H47 -> 3819745.6 | I47: =Nm*(-SQRT(IF(3/K_3^2*Ii^2*$B$3^2-(H47/Nm)^2<0.0000000001,0,3/K_3^2*Ii^2*$B$3^2-(H47/Nm)^2))+$B$3^2/K_3*K_4) -> 353190.14 | J47: =SQRT(3)*SQRT(($B$3/SQRT(3)*K_1+SQRT(H47^2+I47^2)/SQRT(3)/$B$3/Nm*I47/SQRT(H47^2+I47^2)*K_2)^2+(SQRT(H47^2+I47^2)/SQRT(3)/$B$3/Nm*H47/SQRT(H47^2+I47^2)*K_2)^2) -> 570.52665 | K47: =Nm*(-SQRT(Vi^2*$B$3^2/K_2^2-(H47/Nm)^2)-$B$3^2*K_1/K_2) -> -41545110 | L47: =IF(ABS(I47)<ABS(K47),I47,K47) -> 353190.14 | M47: =H47/1000 -> 3819.7456 | N47: =I47/1000 -> 353.19014 | O47: =J47*1.43+10 -> 825.85311 | P47: =L47/1000 -> 353.19014 | Q47: =SQRT(M47^2+P47^2) -> 3836.0396 | R47: =M47/SQRT(M47^2+P47^2) -> 0.99575239
H48: ='V_1,1pu_DIG'!H48 -> 3764387 | I48: =Nm*(-SQRT(IF(3/K_3^2*Ii^2*$B$3^2-(H48/Nm)^2<0.0000000001,0,3/K_3^2*Ii^2*$B$3^2-(H48/Nm)^2))+$B$3^2/K_3*K_4) -> 353190.14 | J48: =SQRT(3)*SQRT(($B$3/SQRT(3)*K_1+SQRT(H48^2+I48^2)/SQRT(3)/$B$3/Nm*I48/SQRT(H48^2+I48^2)*K_2)^2+(SQRT(H48^2+I48^2)/SQRT(3)/$B$3/Nm*H48/SQRT(H48^2+I48^2)*K_2)^2) -> 570.21677 | K48: =Nm*(-SQRT(Vi^2*$B$3^2/K_2^2-(H48/Nm)^2)-$B$3^2*K_1/K_2) -> -41554392 | L48: =IF(ABS(I48)<ABS(K48),I48,K48) -> 353190.14 | M48: =H48/1000 -> 3764.387 | N48: =I48/1000 -> 353.19014 | O48: =J48*1.43+10 -> 825.40998 | P48: =L48/1000 -> 353.19014 | Q48: =SQRT(M48^2+P48^2) -> 3780.9196 | R48: =M48/SQRT(M48^2+P48^2) -> 0.99562737
... H68: ='V_1,1pu_DIG'!H68 -> -5.2386895e-10 | I68: =Nm*(-SQRT(IF(3/K_3^2*Ii^2*$B$3^2-(H68/Nm)^2<0.0000000001,0,3/K_3^2*Ii^2*$B$3^2-(H68/Nm)^2))+$B$3^2/K_3*K_4) -> -3259555.3 | J68: =SQRT(3)*SQRT(($B$3/SQRT(3)*K_1+SQRT(H68^2+I68^2)/SQRT(3)/$B$3/Nm*I68/SQRT(H68^2+I68^2)*K_2)^2+(SQRT(H68^2+I68^2)/SQRT(3)/$B$3/Nm*H68/SQRT(H68^2+I68^2)*K_2)^2) -> 454.82755 | K68: =Nm*(-SQRT(Vi^2*$B$3^2/K_2^2-(H68/Nm)^2)-$B$3^2*K_1/K_2) -> -41865484 | L68: =IF(ABS(I68)<ABS(K68),I68,K68) -> -3259555.3 | M68: =H68/1000 -> -5.2386895e-13 | N68: =I68/1000 -> -3259.5553 | O68: =J68*1.43+10 -> 660.40339 | P68: =L68/1000 -> -3259.5553 | Q68: =SQRT(M68^2+P68^2) -> 3259.5553 | R68: =M68/SQRT(M68^2+P68^2) -> -1.6071792e-16

Sheet V_0,92pu_DIG
A1: Inverter Voltage | B1: =Capability!B1 -> 620 | H1: P (W) | I1: Q _Ii(VAr) | J1: Vi_need | K1: Q_Vdc (Var) | L1: Q(Var) | M1: P(kW) | N1: Q_Ii(kVAr) | O1: Vdc_min (V) | P1: Q(kVAr) | Q1: S(kVA) | R1: cos fi
A2: Voltage operation pu | B2: 0.92 | F2: P_manual (kW), Q>0 | G2: =Capability!G2 -> 3750 | H2: =G2*1000 -> 3750000 | I2: =Nm*(SQRT(IF(3/K_3^2*Ii^2*B3^2-(H2/Nm)^2<0.0000000001,0,3/K_3^2*Ii^2*B3^2-(H2/Nm)^2))+B3^2/K_3*K_4) -> 369061.9 | J2: =SQRT(3)*SQRT((B3/SQRT(3)*K_1+SQRT(H2^2+I2^2)/SQRT(3)/B3/Nm*I2/SQRT(H2^2+I2^2)*K_2)^2+(SQRT(H2^2+I2^2)/SQRT(3)/B3/Nm*H2/SQRT(H2^2+I2^2)*K_2)^2) -> 581.91265 | K2: =Nm*(SQRT(Vi^2*B3^2/K_2^2-(H2/Nm)^2)-B3^2*K_1/K_2) -> 3353688.4 | L2: =IF(ABS(I2)<ABS(K2),I2,K2) -> 369061.9 | M2: =H2/1000 -> 3750 | N2: =I2/1000 -> 369.0619 | O2: =J2*1.43+10 -> 842.13509 | P2: =L2/1000 -> 369.0619 | Q2: =SQRT(M2^2+P2^2) -> 3768.1171 | R2: =M2/SQRT(M2^2+P2^2) -> 0.99519199 | S2: Capacitive
A3: Line-Line Voltage (V) | B3: =$B$1*B2 -> 570.4 | F3: P_manual (kW), Q<0 | G3: =Capability!G3 -> 2846 | H3: =G3*1000 -> 2846000 | I3: =Nm*(-SQRT(IF(3/K_3^2*Ii^2*B3^2-(H3/Nm)^2<0.0000000001,0,3/K_3^2*Ii^2*B3^2-(H3/Nm)^2))+B3^2/K_3*K_4) -> -1984391.9 | J3: =SQRT(3)*SQRT((B3/SQRT(3)*K_1+SQRT(H3^2+I3^2)/SQRT(3)/B3/Nm*I3/SQRT(H3^2+I3^2)*K_2)^2+(SQRT(H3^2+I3^2)/SQRT(3)/B3/Nm*H3/SQRT(H3^2+I3^2)*K_2)^2) -> 511.70656 | K3: =Nm*(-SQRT(Vi^2*B3^2/K_2^2-(H3/Nm)^2)-B3^2*K_1/K_2) -> -43052529 | L3: =IF(ABS(I3)<ABS(K3),I3,K3) -> -1984391.9 | M3: =H3/1000 -> 2846 | N3: =I3/1000 -> -1984.3919 | O3: =J3*1.43+10 -> 741.74039 | P3: =L3/1000 -> -1984.3919 | Q3: =SQRT(M3^2+P3^2) -> 3469.514 | R3: =M3/SQRT(M3^2+P3^2) -> 0.82028781 | S3: Inductive
A4: Nm: Number of modules | B4: =Nm -> 3 | H4: ='V_1,1pu_DIG'!H4 -> 0 | I4: =Nm*(SQRT(IF(3/K_3^2*Ii^2*$B$3^2-(H4/Nm)^2<0.0000000001,0,3/K_3^2*Ii^2*$B$3^2-(H4/Nm)^2))+$B$3^2/K_3*K_4) -> 4062090.6 | J4: =SQRT(3)*SQRT(($B$3/SQRT(3)*K_1+SQRT(H4^2+I4^2)/SQRT(3)/$B$3/Nm*I4/SQRT(H4^2+I4^2)*K_2)^2+(SQRT(H4^2+I4^2)/SQRT(3)/$B$3/Nm*H4/SQRT(H4^2+I4^2)*K_2)^2) -> 676.92343 | K4: =Nm*(SQRT(Vi^2*$B$3^2/K_2^2-(H4/Nm)^2)-$B$3^2*K_1/K_2) -> 3655590.7 | L4: =IF(ABS(I4)<ABS(K4),I4,K4) -> 3655590.7 | M4: =H4/1000 -> 0 | N4: =I4/1000 -> 4062.0906 | O4: =J4*1.43+10 -> 978.00051 | P4: =L4/1000 -> 3655.5907 | Q4: =SQRT(M4^2+P4^2) -> 3655.5907 | R4: =M4/SQRT(M4^2+P4^2) -> 0
A5: f(Hz) | B5: =Capability!B5 -> 50 | C5: wg(Hz) | D5: =2*PI()*B5 -> 314.15927 | H5: ='V_1,1pu_DIG'!H5 -> 221434.53 | I5: =Nm*(SQRT(IF(3/K_3^2*Ii^2*$B$3^2-(H5/Nm)^2<0.0000000001,0,3/K_3^2*Ii^2*$B$3^2-(H5/Nm)^2))+$B$3^2/K_3*K_4) -> 4055446 | J5: =SQRT(3)*SQRT(($B$3/SQRT(3)*K_1+SQRT(H5^2+I5^2)/SQRT(3)/$B$3/Nm*I5/SQRT(H5^2+I5^2)*K_2)^2+(SQRT(H5^2+I5^2)/SQRT(3)/$B$3/Nm*H5/SQRT(H5^2+I5^2)*K_2)^2) -> 676.76401 | K5: =Nm*(SQRT(Vi^2*$B$3^2/K_2^2-(H5/Nm)^2)-$B$3^2*K_1/K_2) -> 3654544.8 | L5: =IF(ABS(I5)<ABS(K5),I5,K5) -> 3654544.8 | M5: =H5/1000 -> 221.43453 | N5: =I5/1000 -> 4055.446 | O5: =J5*1.43+10 -> 977.77254 | P5: =L5/1000 -> 3654.5448 | Q5: =SQRT(M5^2+P5^2) -> 3661.2472 | R5: =M5/SQRT(M5^2+P5^2) -> 0.060480628
A6: Height (m) | B6: =Capability!B6 -> 2700 | H6: ='V_1,1pu_DIG'!H6 -> 442869.06 | I6: =Nm*(SQRT(IF(3/K_3^2*Ii^2*$B$3^2-(H6/Nm)^2<0.0000000001,0,3/K_3^2*Ii^2*$B$3^2-(H6/Nm)^2))+$B$3^2/K_3*K_4) -> 4035439.9 | J6: =SQRT(3)*SQRT(($B$3/SQRT(3)*K_1+SQRT(H6^2+I6^2)/SQRT(3)/$B$3/Nm*I6/SQRT(H6^2+I6^2)*K_2)^2+(SQRT(H6^2+I6^2)/SQRT(3)/$B$3/Nm*H6/SQRT(H6^2+I6^2)*K_2)^2) -> 676.28378 | K6: =Nm*(SQRT(Vi^2*$B$3^2/K_2^2-(H6/Nm)^2)-$B$3^2*K_1/K_2) -> 3651406.8 | L6: =IF(ABS(I6)<ABS(K6),I6,K6) -> 3651406.8 | M6: =H6/1000 -> 442.86906 | N6: =I6/1000 -> 4035.4399 | O6: =J6*1.43+10 -> 977.08581 | P6: =L6/1000 -> 3651.4068 | Q6: =SQRT(M6^2+P6^2) -> 3678.1659 | R6: =M6/SQRT(M6^2+P6^2) -> 0.12040486
A7: Temperature Max (ºC) ( TM) | B7: =Capability!B7 -> 33 | C7: TM_H_corrected(ºC) | D7: =B7+aux!C6 -> 44.25 | H7: ='V_1,1pu_DIG'!H7 -> 664303.59 | I7: =Nm*(SQRT(IF(3/K_3^2*Ii^2*$B$3^2-(H7/Nm)^2<0.0000000001,0,3/K_3^2*Ii^2*$B$3^2-(H7/Nm)^2))+$B$3^2/K_3*K_4) -> 4001851.7 | J7: =SQRT(3)*SQRT(($B$3/SQRT(3)*K_1+SQRT(H7^2+I7^2)/SQRT(3)/$B$3/Nm*I7/SQRT(H7^2+I7^2)*K_2)^2+(SQRT(H7^2+I7^2)/SQRT(3)/$B$3/Nm*H7/SQRT(H7^2+I7^2)*K_2)^2) -> 675.47676 | K7: =Nm*(SQRT(Vi^2*$B$3^2/K_2^2-(H7/Nm)^2)-$B$3^2*K_1/K_2) -> 3646175.8 | L7: =IF(ABS(I7)<ABS(K7),I7,K7) -> 3646175.8 | M7: =H7/1000 -> 664.30359 | N7: =I7/1000 -> 4001.8517 | O7: =J7*1.43+10 -> 975.93177 | P7: =L7/1000 -> 3646.1758 | Q7: =SQRT(M7^2+P7^2) -> 3706.1971 | R7: =M7/SQRT(M7^2+P7^2) -> 0.1792413
A8: Vdc_min (Tmax) | B8: =Capability!B8 -> 951.5 | C8: Vdc_min(sat) | D8: =IF(B8>1250,1250,IF(B8<B3*1.43,B3*1.43,B8)) -> 951.5 | H8: ='V_1,1pu_DIG'!H8 -> 885738.11 | I8: =Nm*(SQRT(IF(3/K_3^2*Ii^2*$B$3^2-(H8/Nm)^2<0.0000000001,0,3/K_3^2*Ii^2*$B$3^2-(H8/Nm)^2))+$B$3^2/K_3*K_4) -> 3954299.5 | J8: =SQRT(3)*SQRT(($B$3/SQRT(3)*K_1+SQRT(H8^2+I8^2)/SQRT(3)/$B$3/Nm*I8/SQRT(H8^2+I8^2)*K_2)^2+(SQRT(H8^2+I8^2)/SQRT(3)/$B$3/Nm*H8/SQRT(H8^2+I8^2)*K_2)^2) -> 674.33258 | K8: =Nm*(SQRT(Vi^2*$B$3^2/K_2^2-(H8/Nm)^2)-$B$3^2*K_1/K_2) -> 3638850.4 | L8: =IF(ABS(I8)<ABS(K8),I8,K8) -> 3638850.4 | M8: =H8/1000 -> 885.73811 | N8: =I8/1000 -> 3954.2995 | O8: =J8*1.43+10 -> 974.29558 | P8: =L8/1000 -> 3638.8504 | Q8: =SQRT(M8^2+P8^2) -> 3745.0987 | R8: =M8/SQRT(M8^2+P8^2) -> 0.23650595
A9: TM_derating | B9: =IF(B25=1,IF(D7>aux!B12,(D7-aux!B12)/(aux!B13-aux!B12)*(aux!C13-aux!C12)+aux!C12,IF(D7>aux!B11,(D7-aux!B11)/(aux!B12-aux!B11)*(aux!C12-aux!C11)+aux!C11,aux!C10)),1) -> 1.0445397 | H9: ='V_1,1pu_DIG'!H9 -> 1107172.6 | I9: =Nm*(SQRT(IF(3/K_3^2*Ii^2*$B$3^2-(H9/Nm)^2<0.0000000001,0,3/K_3^2*Ii^2*$B$3^2-(H9/Nm)^2))+$B$3^2/K_3*K_4) -> 3892218.1 | J9: =SQRT(3)*SQRT(($B$3/SQRT(3)*K_1+SQRT(H9^2+I9^2)/SQRT(3)/$B$3/Nm*I9/SQRT(H9^2+I9^2)*K_2)^2+(SQRT(H9^2+I9^2)/SQRT(3)/$B$3/Nm*H9/SQRT(H9^2+I9^2)*K_2)^2) -> 672.83587 | K9: =Nm*(SQRT(Vi^2*$B$3^2/K_2^2-(H9/Nm)^2)-$B$3^2*K_1/K_2) -> 3629428.7 | L9: =IF(ABS(I9)<ABS(K9),I9,K9) -> 3629428.7 | M9: =H9/1000 -> 1107.1726 | N9: =I9/1000 -> 3892.2181 | O9: =J9*1.43+10 -> 972.15529 | P9: =L9/1000 -> 3629.4287 | Q9: =SQRT(M9^2+P9^2) -> 3794.5466 | R9: =M9/SQRT(M9^2+P9^2) -> 0.29177996
A10: Vdc_min derating | B10: =IF(B25=1,IF(D8>aux!B20,0,IF(D8>aux!B19,(D8-aux!B19)*(aux!C19-aux!C20)/(aux!B19-aux!B20)+aux!C19,IF(D8>aux!B18,(aux!C18-aux!C19)/(aux!B18-aux!B19)*(D8-aux!B18)+aux!C18,IF(D8>aux!B17,(aux!C17-aux!C18)/(aux!B17-aux!B18)*(D8-aux!B17)+aux!C17,aux!C17)))),1) -> 1.14925 | H10: ='V_1,1pu_DIG'!H10 -> 1328607.2 | I10: =Nm*(SQRT(IF(3/K_3^2*Ii^2*$B$3^2-(H10/Nm)^2<0.0000000001,0,3/K_3^2*Ii^2*$B$3^2-(H10/Nm)^2))+$B$3^2/K_3*K_4) -> 3814822.1 | J10: =SQRT(3)*SQRT(($B$3/SQRT(3)*K_1+SQRT(H10^2+I10^2)/SQRT(3)/$B$3/Nm*I10/SQRT(H10^2+I10^2)*K_2)^2+(SQRT(H10^2+I10^2)/SQRT(3)/$B$3/Nm*H10/SQRT(H10^2+I10^2)*K_2)^2) -> 670.96526 | K10: =Nm*(SQRT(Vi^2*$B$3^2/K_2^2-(H10/Nm)^2)-$B$3^2*K_1/K_2) -> 3617908.2 | L10: =IF(ABS(I10)<ABS(K10),I10,K10) -> 3617908.2 | M10: =H10/1000 -> 1328.6072 | N10: =I10/1000 -> 3814.8221 | O10: =J10*1.43+10 -> 969.48033 | P10: =L10/1000 -> 3617.9082 | Q10: =SQRT(M10^2+P10^2) -> 3854.148 | R10: =M10/SQRT(M10^2+P10^2) -> 0.34472137
A11: Total derating@ TM | B11: =B9*B10 -> 1.2004372 | H11: ='V_1,1pu_DIG'!H11 -> 1550041.7 | I11: =Nm*(SQRT(IF(3/K_3^2*Ii^2*$B$3^2-(H11/Nm)^2<0.0000000001,0,3/K_3^2*Ii^2*$B$3^2-(H11/Nm)^2))+$B$3^2/K_3*K_4) -> 3721051.1 | J11: =SQRT(3)*SQRT(($B$3/SQRT(3)*K_1+SQRT(H11^2+I11^2)/SQRT(3)/$B$3/Nm*I11/SQRT(H11^2+I11^2)*K_2)^2+(SQRT(H11^2+I11^2)/SQRT(3)/$B$3/Nm*H11/SQRT(H11^2+I11^2)*K_2)^2) -> 668.69188 | K11: =Nm*(SQRT(Vi^2*$B$3^2/K_2^2-(H11/Nm)^2)-$B$3^2*K_1/K_2) -> 3604285.6 | L11: =IF(ABS(I11)<ABS(K11),I11,K11) -> 3604285.6 | M11: =H11/1000 -> 1550.0417 | N11: =I11/1000 -> 3721.0511 | O11: =J11*1.43+10 -> 966.22938 | P11: =L11/1000 -> 3604.2856 | Q11: =SQRT(M11^2+P11^2) -> 3923.4556 | R11: =M11/SQRT(M11^2+P11^2) -> 0.39507053
A12: Temperature Min (ºC) ( Tm) | B12: =Capability!B12 -> -5 | C12: Tm_H_corrected(ºC) | D12: =B12+aux!C6 -> 6.25 | H12: ='V_1,1pu_DIG'!H12 -> 1771476.2 | I12: =Nm*(SQRT(IF(3/K_3^2*Ii^2*$B$3^2-(H12/Nm)^2<0.0000000001,0,3/K_3^2*Ii^2*$B$3^2-(H12/Nm)^2))+$B$3^2/K_3*K_4) -> 3609483.6 | J12: =SQRT(3)*SQRT(($B$3/SQRT(3)*K_1+SQRT(H12^2+I12^2)/SQRT(3)/$B$3/Nm*I12/SQRT(H12^2+I12^2)*K_2)^2+(SQRT(H12^2+I12^2)/SQRT(3)/$B$3/Nm*H12/SQRT(H12^2+I12^2)*K_2)^2) -> 665.97692 | K12: =Nm*(SQRT(Vi^2*$B$3^2/K_2^2-(H12/Nm)^2)-$B$3^2*K_1/K_2) -> 3588557.5 | L12: =IF(ABS(I12)<ABS(K12),I12,K12) -> 3588557.5 | M12: =H12/1000 -> 1771.4762 | N12: =I12/1000 -> 3609.4836 | O12: =J12*1.43+10 -> 962.347 | P12: =L12/1000 -> 3588.5575 | Q12: =SQRT(M12^2+P12^2) -> 4001.9836 | R12: =M12/SQRT(M12^2+P12^2) -> 0.44264955
A13: Vdc_max (Tmin) | B13: =Capability!B13 -> 1130 | C13: Vdc_max(sat) | D13: =IF(B13>1250,1250,IF(B13<B3*1.43,B3*1.43,B13)) -> 1130 | H13: ='V_1,1pu_DIG'!H13 -> 1992910.8 | I13: =Nm*(SQRT(IF(3/K_3^2*Ii^2*$B$3^2-(H13/Nm)^2<0.0000000001,0,3/K_3^2*Ii^2*$B$3^2-(H13/Nm)^2))+$B$3^2/K_3*K_4) -> 3478204.4 | J13: =SQRT(3)*SQRT(($B$3/SQRT(3)*K_1+SQRT(H13^2+I13^2)/SQRT(3)/$B$3/Nm*I13/SQRT(H13^2+I13^2)*K_2)^2+(SQRT(H13^2+I13^2)/SQRT(3)/$B$3/Nm*H13/SQRT(H13^2+I13^2)*K_2)^2) -> 662.76805 | K13: =Nm*(SQRT(Vi^2*$B$3^2/K_2^2-(H13/Nm)^2)-$B$3^2*K_1/K_2) -> 3570719.4 | L13: =IF(ABS(I13)<ABS(K13),I13,K13) -> 3478204.4 | M13: =H13/1000 -> 1992.9108 | N13: =I13/1000 -> 3478.2044 | O13: =J13*1.43+10 -> 957.75831 | P13: =L13/1000 -> 3478.2044 | Q13: =SQRT(M13^2+P13^2) -> 4008.6905 | R13: =M13/SQRT(M13^2+P13^2) -> 0.49714758
A14: Tm_derating | B14: =IF(B25=1,IF(D12>aux!B12,(D12-aux!B12)/(aux!B13-aux!B12)*(aux!C13-aux!C12)+aux!C12,IF(D12>aux!B11,(D12-aux!B11)/(aux!B12-aux!B11)*(aux!C12-aux!C11)+aux!C11,aux!C10)),1) -> 1.1161905 | H14: ='V_1,1pu_DIG'!H14 -> 2214345.3 | I14: =Nm*(SQRT(IF(3/K_3^2*Ii^2*$B$3^2-(H14/Nm)^2<0.0000000001,0,3/K_3^2*Ii^2*$B$3^2-(H14/Nm)^2))+$B$3^2/K_3*K_4) -> 3324588.2 | J14: =SQRT(3)*SQRT(($B$3/SQRT(3)*K_1+SQRT(H14^2+I14^2)/SQRT(3)/$B$3/Nm*I14/SQRT(H14^2+I14^2)*K_2)^2+(SQRT(H14^2+I14^2)/SQRT(3)/$B$3/Nm*H14/SQRT(H14^2+I14^2)*K_2)^2) -> 658.99335 | K14: =Nm*(SQRT(Vi^2*$B$3^2/K_2^2-(H14/Nm)^2)-$B$3^2*K_1/K_2) -> 3550766.7 | L14: =IF(ABS(I14)<ABS(K14),I14,K14) -> 3324588.2 | M14: =H14/1000 -> 2214.3453 | N14: =I14/1000 -> 3324.5882 | O14: =J14*1.43+10 -> 952.36049 | P14: =L14/1000 -> 3324.5882 | Q14: =SQRT(M14^2+P14^2) -> 3994.5227 | R14: =M14/SQRT(M14^2+P14^2) -> 0.5543454
A15: Vdc_derating(V) | B15: =IF(B25=1,IF(B13>aux!B20,0,IF(B13>aux!B19,(B13-aux!B19)*(aux!C19-aux!C20)/(aux!B19-aux!B20)+aux!C19,IF(B13>aux!B18,(aux!C18-aux!C19)/(aux!B18-aux!B19)*(B13-aux!B18)+aux!C18,IF(B13>aux!B17,(aux!C17-aux!C18)/(aux!B17-aux!B18)*(B13-aux!B17)+aux!C17,aux!C17)))),1) -> 1.06 | H15: ='V_1,1pu_DIG'!H15 -> 2435779.8 | I15: =Nm*(SQRT(IF(3/K_3^2*Ii^2*$B$3^2-(H15/Nm)^2<0.0000000001,0,3/K_3^2*Ii^2*$B$3^2-(H15/Nm)^2))+$B$3^2/K_3*K_4) -> 3144928.9 | J15: =SQRT(3)*SQRT(($B$3/SQRT(3)*K_1+SQRT(H15^2+I15^2)/SQRT(3)/$B$3/Nm*I15/SQRT(H15^2+I15^2)*K_2)^2+(SQRT(H15^2+I15^2)/SQRT(3)/$B$3/Nm*H15/SQRT(H15^2+I15^2)*K_2)^2) -> 654.5511 | K15: =Nm*(SQRT(Vi^2*$B$3^2/K_2^2-(H15/Nm)^2)-$B$3^2*K_1/K_2) -> 3528693.7 | L15: =IF(ABS(I15)<ABS(K15),I15,K15) -> 3144928.9 | M15: =H15/1000 -> 2435.7798 | N15: =I15/1000 -> 3144.9289 | O15: =J15*1.43+10 -> 946.00807 | P15: =L15/1000 -> 3144.9289 | Q15: =SQRT(M15^2+P15^2) -> 3977.889 | R15: =M15/SQRT(M15^2+P15^2) -> 0.61232976
A16: Total derating@ Tm | B16: =B14*B15 -> 1.1831619 | H16: ='V_1,1pu_DIG'!H16 -> 2657214.3 | I16: =Nm*(SQRT(IF(3/K_3^2*Ii^2*$B$3^2-(H16/Nm)^2<0.0000000001,0,3/K_3^2*Ii^2*$B$3^2-(H16/Nm)^2))+$B$3^2/K_3*K_4) -> 2933759.3 | J16: =SQRT(3)*SQRT(($B$3/SQRT(3)*K_1+SQRT(H16^2+I16^2)/SQRT(3)/$B$3/Nm*I16/SQRT(H16^2+I16^2)*K_2)^2+(SQRT(H16^2+I16^2)/SQRT(3)/$B$3/Nm*H16/SQRT(H16^2+I16^2)*K_2)^2) -> 649.29087 | K16: =Nm*(SQRT(Vi^2*$B$3^2/K_2^2-(H16/Nm)^2)-$B$3^2*K_1/K_2) -> 3504494.6 | L16: =IF(ABS(I16)<ABS(K16),I16,K16) -> 2933759.3 | M16: =H16/1000 -> 2657.2143 | N16: =I16/1000 -> 2933.7593 | O16: =J16*1.43+10 -> 938.48594 | P16: =L16/1000 -> 2933.7593 | Q16: =SQRT(M16^2+P16^2) -> 3958.2485 | R16: =M16/SQRT(M16^2+P16^2) -> 0.67131064
H17: ='V_1,1pu_DIG'!H17 -> 2878648.9 | I17: =Nm*(SQRT(IF(3/K_3^2*Ii^2*$B$3^2-(H17/Nm)^2<0.0000000001,0,3/K_3^2*Ii^2*$B$3^2-(H17/Nm)^2))+$B$3^2/K_3*K_4) -> 2682466.6 | J17: =SQRT(3)*SQRT(($B$3/SQRT(3)*K_1+SQRT(H17^2+I17^2)/SQRT(3)/$B$3/Nm*I17/SQRT(H17^2+I17^2)*K_2)^2+(SQRT(H17^2+I17^2)/SQRT(3)/$B$3/Nm*H17/SQRT(H17^2+I17^2)*K_2)^2) -> 642.9751 | K17: =Nm*(SQRT(Vi^2*$B$3^2/K_2^2-(H17/Nm)^2)-$B$3^2*K_1/K_2) -> 3478162.7 | L17: =IF(ABS(I17)<ABS(K17),I17,K17) -> 2682466.6 | M17: =H17/1000 -> 2878.6489 | N17: =I17/1000 -> 2682.4666 | O17: =J17*1.43+10 -> 929.45439 | P17: =L17/1000 -> 2682.4666 | Q17: =SQRT(M17^2+P17^2) -> 3934.7486 | R17: =M17/SQRT(M17^2+P17^2) -> 0.73159665
A18: Derating factor for TM | B18: =MIN(B16,B11) -> 1.1831619 | H18: ='V_1,1pu_DIG'!H18 -> 3100083.4 | I18: =Nm*(SQRT(IF(3/K_3^2*Ii^2*$B$3^2-(H18/Nm)^2<0.0000000001,0,3/K_3^2*Ii^2*$B$3^2-(H18/Nm)^2))+$B$3^2/K_3*K_4) -> 2376035.6 | J18: =SQRT(3)*SQRT(($B$3/SQRT(3)*K_1+SQRT(H18^2+I18^2)/SQRT(3)/$B$3/Nm*I18/SQRT(H18^2+I18^2)*K_2)^2+(SQRT(H18^2+I18^2)/SQRT(3)/$B$3/Nm*H18/SQRT(H18^2+I18^2)*K_2)^2) -> 635.18856 | K18: =Nm*(SQRT(Vi^2*$B$3^2/K_2^2-(H18/Nm)^2)-$B$3^2*K_1/K_2) -> 3449690.6 | L18: =IF(ABS(I18)<ABS(K18),I18,K18) -> 2376035.6 | M18: =H18/1000 -> 3100.0834 | N18: =I18/1000 -> 2376.0356 | O18: =J18*1.43+10 -> 918.31964 | P18: =L18/1000 -> 2376.0356 | Q18: =SQRT(M18^2+P18^2) -> 3905.901 | R18: =M18/SQRT(M18^2+P18^2) -> 0.79369227
H19: ='V_1,1pu_DIG'!H19 -> 3321517.9 | I19: =Nm*(SQRT(IF(3/K_3^2*Ii^2*$B$3^2-(H19/Nm)^2<0.0000000001,0,3/K_3^2*Ii^2*$B$3^2-(H19/Nm)^2))+$B$3^2/K_3*K_4) -> 1983366.5 | J19: =SQRT(3)*SQRT(($B$3/SQRT(3)*K_1+SQRT(H19^2+I19^2)/SQRT(3)/$B$3/Nm*I19/SQRT(H19^2+I19^2)*K_2)^2+(SQRT(H19^2+I19^2)/SQRT(3)/$B$3/Nm*H19/SQRT(H19^2+I19^2)*K_2)^2) -> 625.0689 | K19: =Nm*(SQRT(Vi^2*$B$3^2/K_2^2-(H19/Nm)^2)-$B$3^2*K_1/K_2) -> 3419070.7 | L19: =IF(ABS(I19)<ABS(K19),I19,K19) -> 1983366.5 | M19: =H19/1000 -> 3321.5179 | N19: =I19/1000 -> 1983.3665 | O19: =J19*1.43+10 -> 903.84853 | P19: =L19/1000 -> 1983.3665 | Q19: =SQRT(M19^2+P19^2) -> 3868.6204 | R19: =M19/SQRT(M19^2+P19^2) -> 0.85857943
A20: Vi_max (V) | B20: =(D8-10)/1.43 -> 658.39161 | H20: ='V_1,1pu_DIG'!H20 -> 3542952.5 | I20: =Nm*(SQRT(IF(3/K_3^2*Ii^2*$B$3^2-(H20/Nm)^2<0.0000000001,0,3/K_3^2*Ii^2*$B$3^2-(H20/Nm)^2))+$B$3^2/K_3*K_4) -> 1411150.5 | J20: =SQRT(3)*SQRT(($B$3/SQRT(3)*K_1+SQRT(H20^2+I20^2)/SQRT(3)/$B$3/Nm*I20/SQRT(H20^2+I20^2)*K_2)^2+(SQRT(H20^2+I20^2)/SQRT(3)/$B$3/Nm*H20/SQRT(H20^2+I20^2)*K_2)^2) -> 610.02157 | K20: =Nm*(SQRT(Vi^2*$B$3^2/K_2^2-(H20/Nm)^2)-$B$3^2*K_1/K_2) -> 3386294.2 | L20: =IF(ABS(I20)<ABS(K20),I20,K20) -> 1411150.5 | M20: =H20/1000 -> 3542.9525 | N20: =I20/1000 -> 1411.1505 | O20: =J20*1.43+10 -> 882.33085 | P20: =L20/1000 -> 1411.1505 | Q20: =SQRT(M20^2+P20^2) -> 3813.641 | R20: =M20/SQRT(M20^2+P20^2) -> 0.92902097
A21: Ii (A) | B21: =IF(B25=1,(IF(B9*B10>B18,B18,B9*B10))*Ii_r,B26) -> 1242.32 | H21: ='V_1,1pu_DIG'!H21 -> 3598311.1 | I21: =Nm*(SQRT(IF(3/K_3^2*Ii^2*$B$3^2-(H21/Nm)^2<0.0000000001,0,3/K_3^2*Ii^2*$B$3^2-(H21/Nm)^2))+$B$3^2/K_3*K_4) -> 1200096.2 | J21: =SQRT(3)*SQRT(($B$3/SQRT(3)*K_1+SQRT(H21^2+I21^2)/SQRT(3)/$B$3/Nm*I21/SQRT(H21^2+I21^2)*K_2)^2+(SQRT(H21^2+I21^2)/SQRT(3)/$B$3/Nm*H21/SQRT(H21^2+I21^2)*K_2)^2) -> 604.377 | K21: =Nm*(SQRT(Vi^2*$B$3^2/K_2^2-(H21/Nm)^2)-$B$3^2*K_1/K_2) -> 3377762.1 | L21: =IF(ABS(I21)<ABS(K21),I21,K21) -> 1200096.2 | M21: =H21/1000 -> 3598.3111 | N21: =I21/1000 -> 1200.0962 | O21: =J21*1.43+10 -> 874.25911 | P21: =L21/1000 -> 1200.0962 | Q21: =SQRT(M21^2+P21^2) -> 3793.1614 | R21: =M21/SQRT(M21^2+P21^2) -> 0.94863115
A22: P_max (W) (kW) | B22: =Nm*SQRT(3)*B3*Ii/K_3^2 -> 3703995.7 | C22: P_base (kW) | D22: =B22/1000 -> 3703.9957 | H22: ='V_1,1pu_DIG'!H22 -> 3653669.7 | I22: =Nm*(SQRT(IF(3/K_3^2*Ii^2*$B$3^2-(H22/Nm)^2<0.0000000001,0,3/K_3^2*Ii^2*$B$3^2-(H22/Nm)^2))+$B$3^2/K_3*K_4) -> 906796.26 | J22: =SQRT(3)*SQRT(($B$3/SQRT(3)*K_1+SQRT(H22^2+I22^2)/SQRT(3)/$B$3/Nm*I22/SQRT(H22^2+I22^2)*K_2)^2+(SQRT(H22^2+I22^2)/SQRT(3)/$B$3/Nm*H22/SQRT(H22^2+I22^2)*K_2)^2) -> 596.4441 | K22: =Nm*(SQRT(Vi^2*$B$3^2/K_2^2-(H22/Nm)^2)-$B$3^2*K_1/K_2) -> 3369094.5 | L22: =IF(ABS(I22)<ABS(K22),I22,K22) -> 906796.26 | M22: =H22/1000 -> 3653.6697 | N22: =I22/1000 -> 906.79626 | O22: =J22*1.43+10 -> 862.91506 | P22: =L22/1000 -> 906.79626 | Q22: =SQRT(M22^2+P22^2) -> 3764.5162 | R22: =M22/SQRT(M22^2+P22^2) -> 0.97055493
A23: Prated (W) | B23: =B3*Ii*SQRT(3)*Nm -> 3682094 | C23: Prated (kW) | D23: =B23/1000 -> 3682.094 | H23: ='V_1,1pu_DIG'!H23 -> 3709028.4 | I23: =Nm*(SQRT(IF(3/K_3^2*Ii^2*$B$3^2-(H23/Nm)^2<0.0000000001,0,3/K_3^2*Ii^2*$B$3^2-(H23/Nm)^2))+$B$3^2/K_3*K_4) -> 369061.9 | J23: =SQRT(3)*SQRT(($B$3/SQRT(3)*K_1+SQRT(H23^2+I23^2)/SQRT(3)/$B$3/Nm*I23/SQRT(H23^2+I23^2)*K_2)^2+(SQRT(H23^2+I23^2)/SQRT(3)/$B$3/Nm*H23/SQRT(H23^2+I23^2)*K_2)^2) -> 581.70103 | K23: =Nm*(SQRT(Vi^2*$B$3^2/K_2^2-(H23/Nm)^2)-$B$3^2*K_1/K_2) -> 3360291.2 | L23: =IF(ABS(I23)<ABS(K23),I23,K23) -> 369061.9 | M23: =H23/1000 -> 3709.0284 | N23: =I23/1000 -> 369.0619 | O23: =J23*1.43+10 -> 841.83247 | P23: =L23/1000 -> 369.0619 | Q23: =SQRT(M23^2+P23^2) -> 3727.3446 | R23: =M23/SQRT(M23^2+P23^2) -> 0.99508597
H24: ='V_1,1pu_DIG'!H24 -> 3764387 | I24: =Nm*(SQRT(IF(3/K_3^2*Ii^2*$B$3^2-(H24/Nm)^2<0.0000000001,0,3/K_3^2*Ii^2*$B$3^2-(H24/Nm)^2))+$B$3^2/K_3*K_4) -> 369061.9 | J24: =SQRT(3)*SQRT(($B$3/SQRT(3)*K_1+SQRT(H24^2+I24^2)/SQRT(3)/$B$3/Nm*I24/SQRT(H24^2+I24^2)*K_2)^2+(SQRT(H24^2+I24^2)/SQRT(3)/$B$3/Nm*H24/SQRT(H24^2+I24^2)*K_2)^2) -> 581.98749 | K24: =Nm*(SQRT(Vi^2*$B$3^2/K_2^2-(H24/Nm)^2)-$B$3^2*K_1/K_2) -> 3351352.2 | L24: =IF(ABS(I24)<ABS(K24),I24,K24) -> 369061.9 | M24: =H24/1000 -> 3764.387 | N24: =I24/1000 -> 369.0619 | O24: =J24*1.43+10 -> 842.24212 | P24: =L24/1000 -> 369.0619 | Q24: =SQRT(M24^2+P24^2) -> 3782.4352 | R24: =M24/SQRT(M24^2+P24^2) -> 0.99522841
A25: GPTech Inverter | B25: =Capability!B25 -> 1 | H25: ='V_1,1pu_DIG'!H25 -> 3819745.6 | I25: =Nm*(SQRT(IF(3/K_3^2*Ii^2*$B$3^2-(H25/Nm)^2<0.0000000001,0,3/K_3^2*Ii^2*$B$3^2-(H25/Nm)^2))+$B$3^2/K_3*K_4) -> 369061.9 | J25: =SQRT(3)*SQRT(($B$3/SQRT(3)*K_1+SQRT(H25^2+I25^2)/SQRT(3)/$B$3/Nm*I25/SQRT(H25^2+I25^2)*K_2)^2+(SQRT(H25^2+I25^2)/SQRT(3)/$B$3/Nm*H25/SQRT(H25^2+I25^2)*K_2)^2) -> 582.27806 | K25: =Nm*(SQRT(Vi^2*$B$3^2/K_2^2-(H25/Nm)^2)-$B$3^2*K_1/K_2) -> 3342277.1 | L25: =IF(ABS(I25)<ABS(K25),I25,K25) -> 369061.9 | M25: =H25/1000 -> 3819.7456 | N25: =I25/1000 -> 369.0619 | O25: =J25*1.43+10 -> 842.65762 | P25: =L25/1000 -> 369.0619 | Q25: =SQRT(M25^2+P25^2) -> 3837.5335 | R25: =M25/SQRT(M25^2+P25^2) -> 0.99536476
A26: Inverter output current (A) | B26: =Capability!B26 -> 1250 | H26: ='V_1,1pu_DIG'!H26 -> 3875104.2 | I26: =Nm*(SQRT(IF(3/K_3^2*Ii^2*$B$3^2-(H26/Nm)^2<0.0000000001,0,3/K_3^2*Ii^2*$B$3^2-(H26/Nm)^2))+$B$3^2/K_3*K_4) -> 369061.9 | J26: =SQRT(3)*SQRT(($B$3/SQRT(3)*K_1+SQRT(H26^2+I26^2)/SQRT(3)/$B$3/Nm*I26/SQRT(H26^2+I26^2)*K_2)^2+(SQRT(H26^2+I26^2)/SQRT(3)/$B$3/Nm*H26/SQRT(H26^2+I26^2)*K_2)^2) -> 582.57272 | K26: =Nm*(SQRT(Vi^2*$B$3^2/K_2^2-(H26/Nm)^2)-$B$3^2*K_1/K_2) -> 3333066 | L26: =IF(ABS(I26)<ABS(K26),I26,K26) -> 369061.9 | M26: =H26/1000 -> 3875.1042 | N26: =I26/1000 -> 369.0619 | O26: =J26*1.43+10 -> 843.07898 | P26: =L26/1000 -> 369.0619 | Q26: =SQRT(M26^2+P26^2) -> 3892.6392 | R26: =M26/SQRT(M26^2+P26^2) -> 0.99549537
H27: ='V_1,1pu_DIG'!H27 -> 3930462.9 | I27: =Nm*(SQRT(IF(3/K_3^2*Ii^2*$B$3^2-(H27/Nm)^2<0.0000000001,0,3/K_3^2*Ii^2*$B$3^2-(H27/Nm)^2))+$B$3^2/K_3*K_4) -> 369061.9 | J27: =SQRT(3)*SQRT(($B$3/SQRT(3)*K_1+SQRT(H27^2+I27^2)/SQRT(3)/$B$3/Nm*I27/SQRT(H27^2+I27^2)*K_2)^2+(SQRT(H27^2+I27^2)/SQRT(3)/$B$3/Nm*H27/SQRT(H27^2+I27^2)*K_2)^2) -> 582.87146 | K27: =Nm*(SQRT(Vi^2*$B$3^2/K_2^2-(H27/Nm)^2)-$B$3^2*K_1/K_2) -> 3323718.5 | L27: =IF(ABS(I27)<ABS(K27),I27,K27) -> 369061.9 | M27: =H27/1000 -> 3930.4629 | N27: =I27/1000 -> 369.0619 | O27: =J27*1.43+10 -> 843.50619 | P27: =L27/1000 -> 369.0619 | Q27: =SQRT(M27^2+P27^2) -> 3947.7519 | R27: =M27/SQRT(M27^2+P27^2) -> 0.99562054
A28: Set Point Calculation Tool (@Tmax) | H28: ='V_1,1pu_DIG'!H28 -> 3985821.5 | I28: =Nm*(SQRT(IF(3/K_3^2*Ii^2*$B$3^2-(H28/Nm)^2<0.0000000001,0,3/K_3^2*Ii^2*$B$3^2-(H28/Nm)^2))+$B$3^2/K_3*K_4) -> 369061.9 | J28: =SQRT(3)*SQRT(($B$3/SQRT(3)*K_1+SQRT(H28^2+I28^2)/SQRT(3)/$B$3/Nm*I28/SQRT(H28^2+I28^2)*K_2)^2+(SQRT(H28^2+I28^2)/SQRT(3)/$B$3/Nm*H28/SQRT(H28^2+I28^2)*K_2)^2) -> 583.17429 | K28: =Nm*(SQRT(Vi^2*$B$3^2/K_2^2-(H28/Nm)^2)-$B$3^2*K_1/K_2) -> 3314234.6 | L28: =IF(ABS(I28)<ABS(K28),I28,K28) -> 369061.9 | M28: =H28/1000 -> 3985.8215 | N28: =I28/1000 -> 369.0619 | O28: =J28*1.43+10 -> 843.93923 | P28: =L28/1000 -> 369.0619 | Q28: =SQRT(M28^2+P28^2) -> 4002.8714 | R28: =M28/SQRT(M28^2+P28^2) -> 0.99574057
A29: P | B29: =Capability!B29 -> 2846 | C29: =IF(B29>D23,D23,B29) -> 2846 | H29: ='V_1,1pu_DIG'!H29 -> 4041180.1 | I29: =Nm*(SQRT(IF(3/K_3^2*Ii^2*$B$3^2-(H29/Nm)^2<0.0000000001,0,3/K_3^2*Ii^2*$B$3^2-(H29/Nm)^2))+$B$3^2/K_3*K_4) -> 369061.9 | J29: =SQRT(3)*SQRT(($B$3/SQRT(3)*K_1+SQRT(H29^2+I29^2)/SQRT(3)/$B$3/Nm*I29/SQRT(H29^2+I29^2)*K_2)^2+(SQRT(H29^2+I29^2)/SQRT(3)/$B$3/Nm*H29/SQRT(H29^2+I29^2)*K_2)^2) -> 583.48119 | K29: =Nm*(SQRT(Vi^2*$B$3^2/K_2^2-(H29/Nm)^2)-$B$3^2*K_1/K_2) -> 3304614.1 | L29: =IF(ABS(I29)<ABS(K29),I29,K29) -> 369061.9 | M29: =H29/1000 -> 4041.1801 | N29: =I29/1000 -> 369.0619 | O29: =J29*1.43+10 -> 844.3781 | P29: =L29/1000 -> 369.0619 | Q29: =SQRT(M29^2+P29^2) -> 4057.9975 | R29: =M29/SQRT(M29^2+P29^2) -> 0.99585575
B30: Q_ind_lim | C30: =Nm/1000*(-SQRT(3/K_3^2*Ii^2*B3^2-($C$29*1000/Nm)^2)+B3^2*K_4/K_3) -> -1984.3919 | H30: ='V_1,1pu_DIG'!H30 -> 4096538.8 | I30: =Nm*(SQRT(IF(3/K_3^2*Ii^2*$B$3^2-(H30/Nm)^2<0.0000000001,0,3/K_3^2*Ii^2*$B$3^2-(H30/Nm)^2))+$B$3^2/K_3*K_4) -> 369061.9 | J30: =SQRT(3)*SQRT(($B$3/SQRT(3)*K_1+SQRT(H30^2+I30^2)/SQRT(3)/$B$3/Nm*I30/SQRT(H30^2+I30^2)*K_2)^2+(SQRT(H30^2+I30^2)/SQRT(3)/$B$3/Nm*H30/SQRT(H30^2+I30^2)*K_2)^2) -> 583.79216 | K30: =Nm*(SQRT(Vi^2*$B$3^2/K_2^2-(H30/Nm)^2)-$B$3^2*K_1/K_2) -> 3294856.8 | L30: =IF(ABS(I30)<ABS(K30),I30,K30) -> 369061.9 | M30: =H30/1000 -> 4096.5388 | N30: =I30/1000 -> 369.0619 | O30: =J30*1.43+10 -> 844.82278 | P30: =L30/1000 -> 369.0619 | Q30: =SQRT(M30^2+P30^2) -> 4113.1298 | R30: =M30/SQRT(M30^2+P30^2) -> 0.99596633
B31: Q_cap_lim | C31: =IF(ABS( Nm/1000*(SQRT(3/K_3^2*Ii^2*B3^2-($C$29*1000/Nm)^2)+B3^2*K_4/K_3))<ABS(Nm/1000*(SQRT(Vi^2*B3^2/K_2^2-($C$29*1000/Nm)^2)-B3^2*K_1/K_2)),Nm/1000*(SQRT(3/K_3^2*Ii^2*B3^2-($C$29*1000/Nm)^2)+B3^2*K_4/K_3), Nm/1000*(SQRT(Vi^2*B3^2/K_2^2-($C$29*1000/Nm)^2)-B3^2*K_1/K_2)) -> 2722.5157 | H31: ='V_1,1pu_DIG'!H31 -> 4151897.4 | I31: =Nm*(SQRT(IF(3/K_3^2*Ii^2*$B$3^2-(H31/Nm)^2<0.0000000001,0,3/K_3^2*Ii^2*$B$3^2-(H31/Nm)^2))+$B$3^2/K_3*K_4) -> 369061.9 | J31: =SQRT(3)*SQRT(($B$3/SQRT(3)*K_1+SQRT(H31^2+I31^2)/SQRT(3)/$B$3/Nm*I31/SQRT(H31^2+I31^2)*K_2)^2+(SQRT(H31^2+I31^2)/SQRT(3)/$B$3/Nm*H31/SQRT(H31^2+I31^2)*K_2)^2) -> 584.10719 | K31: =Nm*(SQRT(Vi^2*$B$3^2/K_2^2-(H31/Nm)^2)-$B$3^2*K_1/K_2) -> 3284962.5 | L31: =IF(ABS(I31)<ABS(K31),I31,K31) -> 369061.9 | M31: =H31/1000 -> 4151.8974 | N31: =I31/1000 -> 369.0619 | O31: =J31*1.43+10 -> 845.27328 | P31: =L31/1000 -> 369.0619 | Q31: =SQRT(M31^2+P31^2) -> 4168.2681 | R31: =M31/SQRT(M31^2+P31^2) -> 0.99607255
A32: Q | B32: =Capability!B32 -> 0 | C32: =IF(B32<C30,C30,IF(B32>C31,C31,B32)) -> 0 | H32: ='V_1,1pu_DIG'!H32 -> 4207256 | I32: =Nm*(SQRT(IF(3/K_3^2*Ii^2*$B$3^2-(H32/Nm)^2<0.0000000001,0,3/K_3^2*Ii^2*$B$3^2-(H32/Nm)^2))+$B$3^2/K_3*K_4) -> 369061.9 | J32: =SQRT(3)*SQRT(($B$3/SQRT(3)*K_1+SQRT(H32^2+I32^2)/SQRT(3)/$B$3/Nm*I32/SQRT(H32^2+I32^2)*K_2)^2+(SQRT(H32^2+I32^2)/SQRT(3)/$B$3/Nm*H32/SQRT(H32^2+I32^2)*K_2)^2) -> 584.42627 | K32: =Nm*(SQRT(Vi^2*$B$3^2/K_2^2-(H32/Nm)^2)-$B$3^2*K_1/K_2) -> 3274931.1 | L32: =IF(ABS(I32)<ABS(K32),I32,K32) -> 369061.9 | M32: =H32/1000 -> 4207.256 | N32: =I32/1000 -> 369.0619 | O32: =J32*1.43+10 -> 845.72957 | P32: =L32/1000 -> 369.0619 | Q32: =SQRT(M32^2+P32^2) -> 4223.4121 | R32: =M32/SQRT(M32^2+P32^2) -> 0.99617463
A33: PF | B33: =C29/SQRT(C29^2+C32^2) -> 1 | C33: Io(P,Q) (A) | D33: =SQRT(C29^2+C32^2)/(SQRT(3)*B3)*1000 -> 2880.6782 | H33: ='V_1,1pu_DIG'!H33 -> 4262614.7 | I33: =Nm*(SQRT(IF(3/K_3^2*Ii^2*$B$3^2-(H33/Nm)^2<0.0000000001,0,3/K_3^2*Ii^2*$B$3^2-(H33/Nm)^2))+$B$3^2/K_3*K_4) -> 369061.9 | J33: =SQRT(3)*SQRT(($B$3/SQRT(3)*K_1+SQRT(H33^2+I33^2)/SQRT(3)/$B$3/Nm*I33/SQRT(H33^2+I33^2)*K_2)^2+(SQRT(H33^2+I33^2)/SQRT(3)/$B$3/Nm*H33/SQRT(H33^2+I33^2)*K_2)^2) -> 584.74941 | K33: =Nm*(SQRT(Vi^2*$B$3^2/K_2^2-(H33/Nm)^2)-$B$3^2*K_1/K_2) -> 3264762.4 | L33: =IF(ABS(I33)<ABS(K33),I33,K33) -> 369061.9 | M33: =H33/1000 -> 4262.6147 | N33: =I33/1000 -> 369.0619 | O33: =J33*1.43+10 -> 846.19165 | P33: =L33/1000 -> 369.0619 | Q33: =SQRT(M33^2+P33^2) -> 4278.5617 | R33: =M33/SQRT(M33^2+P33^2) -> 0.9962728
A34: Vdc_min(V) | B34: =Vdc_offset+Vac_to_Vdc*SQRT(3)*SQRT(K_1^2*B3^2/3+K_2^2/3*($C$29^2+$C$32^2)*1000^2/B3^2/Nm^2+2/3*K_1*K_2*$C$32*1000/Nm) -> 821.37967 | H34: ='V_1,1pu_DIG'!H34 -> 4317973.3 | I34: =Nm*(SQRT(IF(3/K_3^2*Ii^2*$B$3^2-(H34/Nm)^2<0.0000000001,0,3/K_3^2*Ii^2*$B$3^2-(H34/Nm)^2))+$B$3^2/K_3*K_4) -> 369061.9 | J34: =SQRT(3)*SQRT(($B$3/SQRT(3)*K_1+SQRT(H34^2+I34^2)/SQRT(3)/$B$3/Nm*I34/SQRT(H34^2+I34^2)*K_2)^2+(SQRT(H34^2+I34^2)/SQRT(3)/$B$3/Nm*H34/SQRT(H34^2+I34^2)*K_2)^2) -> 585.07659 | K34: =Nm*(SQRT(Vi^2*$B$3^2/K_2^2-(H34/Nm)^2)-$B$3^2*K_1/K_2) -> 3254456.2 | L34: =IF(ABS(I34)<ABS(K34),I34,K34) -> 369061.9 | M34: =H34/1000 -> 4317.9733 | N34: =I34/1000 -> 369.0619 | O34: =J34*1.43+10 -> 846.65952 | P34: =L34/1000 -> 369.0619 | Q34: =SQRT(M34^2+P34^2) -> 4333.7167 | R34: =M34/SQRT(M34^2+P34^2) -> 0.99636724
A35: Vac_max(V) | B35: =SQRT(3)*SQRT(K_1^2*B3^2/3+K_2^2/3*($C$29^2+$C$32^2)*1000^2/B3^2/Nm^2+2/3*K_1*K_2*$C$32*1000/Nm) -> 567.39837 | H35: ='V_1,1pu_DIG'!H35 -> 4373331.9 | I35: =Nm*(SQRT(IF(3/K_3^2*Ii^2*$B$3^2-(H35/Nm)^2<0.0000000001,0,3/K_3^2*Ii^2*$B$3^2-(H35/Nm)^2))+$B$3^2/K_3*K_4) -> 369061.9 | J35: =SQRT(3)*SQRT(($B$3/SQRT(3)*K_1+SQRT(H35^2+I35^2)/SQRT(3)/$B$3/Nm*I35/SQRT(H35^2+I35^2)*K_2)^2+(SQRT(H35^2+I35^2)/SQRT(3)/$B$3/Nm*H35/SQRT(H35^2+I35^2)*K_2)^2) -> 585.4078 | K35: =Nm*(SQRT(Vi^2*$B$3^2/K_2^2-(H35/Nm)^2)-$B$3^2*K_1/K_2) -> 3244012.3 | L35: =IF(ABS(I35)<ABS(K35),I35,K35) -> 369061.9 | M35: =H35/1000 -> 4373.3319 | N35: =I35/1000 -> 369.0619 | O35: =J35*1.43+10 -> 847.13315 | P35: =L35/1000 -> 369.0619 | Q35: =SQRT(M35^2+P35^2) -> 4388.8767 | R35: =M35/SQRT(M35^2+P35^2) -> 0.99645814
H36: ='V_1,1pu_DIG'!H36 -> 4428690.6 | I36: =Nm*(SQRT(IF(3/K_3^2*Ii^2*$B$3^2-(H36/Nm)^2<0.0000000001,0,3/K_3^2*Ii^2*$B$3^2-(H36/Nm)^2))+$B$3^2/K_3*K_4) -> 369061.9 | J36: =SQRT(3)*SQRT(($B$3/SQRT(3)*K_1+SQRT(H36^2+I36^2)/SQRT(3)/$B$3/Nm*I36/SQRT(H36^2+I36^2)*K_2)^2+(SQRT(H36^2+I36^2)/SQRT(3)/$B$3/Nm*H36/SQRT(H36^2+I36^2)*K_2)^2) -> 585.74304 | K36: =Nm*(-SQRT(Vi^2*$B$3^2/K_2^2-(H36/Nm)^2)-$B$3^2*K_1/K_2) -> -42803780 | L36: =IF(ABS(I36)<ABS(K36),I36,K36) -> 369061.9 | M36: =H36/1000 -> 4428.6906 | N36: =I36/1000 -> 369.0619 | O36: =J36*1.43+10 -> 847.61255 | P36: =L36/1000 -> 369.0619 | Q36: =SQRT(M36^2+P36^2) -> 4444.0417 | R36: =M36/SQRT(M36^2+P36^2) -> 0.99654568
H37: ='V_1,1pu_DIG'!H37 -> 4373331.9 | I37: =Nm*(-SQRT(IF(3/K_3^2*Ii^2*$B$3^2-(H37/Nm)^2<0.0000000001,0,3/K_3^2*Ii^2*$B$3^2-(H37/Nm)^2))+$B$3^2/K_3*K_4) -> 369061.9 | J37: =SQRT(3)*SQRT(($B$3/SQRT(3)*K_1+SQRT(H37^2+I37^2)/SQRT(3)/$B$3/Nm*I37/SQRT(H37^2+I37^2)*K_2)^2+(SQRT(H37^2+I37^2)/SQRT(3)/$B$3/Nm*H37/SQRT(H37^2+I37^2)*K_2)^2) -> 585.4078 | K37: =Nm*(-SQRT(Vi^2*$B$3^2/K_2^2-(H37/Nm)^2)-$B$3^2*K_1/K_2) -> -42814362 | L37: =IF(ABS(I37)<ABS(K37),I37,K37) -> 369061.9 | M37: =H37/1000 -> 4373.3319 | N37: =I37/1000 -> 369.0619 | O37: =J37*1.43+10 -> 847.13315 | P37: =L37/1000 -> 369.0619 | Q37: =SQRT(M37^2+P37^2) -> 4388.8767 | R37: =M37/SQRT(M37^2+P37^2) -> 0.99645814
H38: ='V_1,1pu_DIG'!H38 -> 4317973.3 | I38: =Nm*(-SQRT(IF(3/K_3^2*Ii^2*$B$3^2-(H38/Nm)^2<0.0000000001,0,3/K_3^2*Ii^2*$B$3^2-(H38/Nm)^2))+$B$3^2/K_3*K_4) -> 369061.9 | J38: =SQRT(3)*SQRT(($B$3/SQRT(3)*K_1+SQRT(H38^2+I38^2)/SQRT(3)/$B$3/Nm*I38/SQRT(H38^2+I38^2)*K_2)^2+(SQRT(H38^2+I38^2)/SQRT(3)/$B$3/Nm*H38/SQRT(H38^2+I38^2)*K_2)^2) -> 585.07659 | K38: =Nm*(-SQRT(Vi^2*$B$3^2/K_2^2-(H38/Nm)^2)-$B$3^2*K_1/K_2) -> -42824806 | L38: =IF(ABS(I38)<ABS(K38),I38,K38) -> 369061.9 | M38: =H38/1000 -> 4317.9733 | N38: =I38/1000 -> 369.0619 | O38: =J38*1.43+10 -> 846.65952 | P38: =L38/1000 -> 369.0619 | Q38: =SQRT(M38^2+P38^2) -> 4333.7167 | R38: =M38/SQRT(M38^2+P38^2) -> 0.99636724
H39: ='V_1,1pu_DIG'!H39 -> 4262614.7 | I39: =Nm*(-SQRT(IF(3/K_3^2*Ii^2*$B$3^2-(H39/Nm)^2<0.0000000001,0,3/K_3^2*Ii^2*$B$3^2-(H39/Nm)^2))+$B$3^2/K_3*K_4) -> 369061.9 | J39: =SQRT(3)*SQRT(($B$3/SQRT(3)*K_1+SQRT(H39^2+I39^2)/SQRT(3)/$B$3/Nm*I39/SQRT(H39^2+I39^2)*K_2)^2+(SQRT(H39^2+I39^2)/SQRT(3)/$B$3/Nm*H39/SQRT(H39^2+I39^2)*K_2)^2) -> 584.74941 | K39: =Nm*(-SQRT(Vi^2*$B$3^2/K_2^2-(H39/Nm)^2)-$B$3^2*K_1/K_2) -> -42835112 | L39: =IF(ABS(I39)<ABS(K39),I39,K39) -> 369061.9 | M39: =H39/1000 -> 4262.6147 | N39: =I39/1000 -> 369.0619 | O39: =J39*1.43+10 -> 846.19165 | P39: =L39/1000 -> 369.0619 | Q39: =SQRT(M39^2+P39^2) -> 4278.5617 | R39: =M39/SQRT(M39^2+P39^2) -> 0.9962728
H40: ='V_1,1pu_DIG'!H40 -> 4207256 | I40: =Nm*(-SQRT(IF(3/K_3^2*Ii^2*$B$3^2-(H40/Nm)^2<0.0000000001,0,3/K_3^2*Ii^2*$B$3^2-(H40/Nm)^2))+$B$3^2/K_3*K_4) -> 369061.9 | J40: =SQRT(3)*SQRT(($B$3/SQRT(3)*K_1+SQRT(H40^2+I40^2)/SQRT(3)/$B$3/Nm*I40/SQRT(H40^2+I40^2)*K_2)^2+(SQRT(H40^2+I40^2)/SQRT(3)/$B$3/Nm*H40/SQRT(H40^2+I40^2)*K_2)^2) -> 584.42627 | K40: =Nm*(-SQRT(Vi^2*$B$3^2/K_2^2-(H40/Nm)^2)-$B$3^2*K_1/K_2) -> -42845281 | L40: =IF(ABS(I40)<ABS(K40),I40,K40) -> 369061.9 | M40: =H40/1000 -> 4207.256 | N40: =I40/1000 -> 369.0619 | O40: =J40*1.43+10 -> 845.72957 | P40: =L40/1000 -> 369.0619 | Q40: =SQRT(M40^2+P40^2) -> 4223.4121 | R40: =M40/SQRT(M40^2+P40^2) -> 0.99617463
H41: ='V_1,1pu_DIG'!H41 -> 4151897.4 | I41: =Nm*(-SQRT(IF(3/K_3^2*Ii^2*$B$3^2-(H41/Nm)^2<0.0000000001,0,3/K_3^2*Ii^2*$B$3^2-(H41/Nm)^2))+$B$3^2/K_3*K_4) -> 369061.9 | J41: =SQRT(3)*SQRT(($B$3/SQRT(3)*K_1+SQRT(H41^2+I41^2)/SQRT(3)/$B$3/Nm*I41/SQRT(H41^2+I41^2)*K_2)^2+(SQRT(H41^2+I41^2)/SQRT(3)/$B$3/Nm*H41/SQRT(H41^2+I41^2)*K_2)^2) -> 584.10719 | K41: =Nm*(-SQRT(Vi^2*$B$3^2/K_2^2-(H41/Nm)^2)-$B$3^2*K_1/K_2) -> -42855312 | L41: =IF(ABS(I41)<ABS(K41),I41,K41) -> 369061.9 | M41: =H41/1000 -> 4151.8974 | N41: =I41/1000 -> 369.0619 | O41: =J41*1.43+10 -> 845.27328 | P41: =L41/1000 -> 369.0619 | Q41: =SQRT(M41^2+P41^2) -> 4168.2681 | R41: =M41/SQRT(M41^2+P41^2) -> 0.99607255
H42: ='V_1,1pu_DIG'!H42 -> 4096538.8 | I42: =Nm*(-SQRT(IF(3/K_3^2*Ii^2*$B$3^2-(H42/Nm)^2<0.0000000001,0,3/K_3^2*Ii^2*$B$3^2-(H42/Nm)^2))+$B$3^2/K_3*K_4) -> 369061.9 | J42: =SQRT(3)*SQRT(($B$3/SQRT(3)*K_1+SQRT(H42^2+I42^2)/SQRT(3)/$B$3/Nm*I42/SQRT(H42^2+I42^2)*K_2)^2+(SQRT(H42^2+I42^2)/SQRT(3)/$B$3/Nm*H42/SQRT(H42^2+I42^2)*K_2)^2) -> 583.79216 | K42: =Nm*(-SQRT(Vi^2*$B$3^2/K_2^2-(H42/Nm)^2)-$B$3^2*K_1/K_2) -> -42865206 | L42: =IF(ABS(I42)<ABS(K42),I42,K42) -> 369061.9 | M42: =H42/1000 -> 4096.5388 | N42: =I42/1000 -> 369.0619 | O42: =J42*1.43+10 -> 844.82278 | P42: =L42/1000 -> 369.0619 | Q42: =SQRT(M42^2+P42^2) -> 4113.1298 | R42: =M42/SQRT(M42^2+P42^2) -> 0.99596633
H43: ='V_1,1pu_DIG'!H43 -> 4041180.1 | I43: =Nm*(-SQRT(IF(3/K_3^2*Ii^2*$B$3^2-(H43/Nm)^2<0.0000000001,0,3/K_3^2*Ii^2*$B$3^2-(H43/Nm)^2))+$B$3^2/K_3*K_4) -> 369061.9 | J43: =SQRT(3)*SQRT(($B$3/SQRT(3)*K_1+SQRT(H43^2+I43^2)/SQRT(3)/$B$3/Nm*I43/SQRT(H43^2+I43^2)*K_2)^2+(SQRT(H43^2+I43^2)/SQRT(3)/$B$3/Nm*H43/SQRT(H43^2+I43^2)*K_2)^2) -> 583.48119 | K43: =Nm*(-SQRT(Vi^2*$B$3^2/K_2^2-(H43/Nm)^2)-$B$3^2*K_1/K_2) -> -42874964 | L43: =IF(ABS(I43)<ABS(K43),I43,K43) -> 369061.9 | M43: =H43/1000 -> 4041.1801 | N43: =I43/1000 -> 369.0619 | O43: =J43*1.43+10 -> 844.3781 | P43: =L43/1000 -> 369.0619 | Q43: =SQRT(M43^2+P43^2) -> 4057.9975 | R43: =M43/SQRT(M43^2+P43^2) -> 0.99585575
H44: ='V_1,1pu_DIG'!H44 -> 3985821.5 | I44: =Nm*(-SQRT(IF(3/K_3^2*Ii^2*$B$3^2-(H44/Nm)^2<0.0000000001,0,3/K_3^2*Ii^2*$B$3^2-(H44/Nm)^2))+$B$3^2/K_3*K_4) -> 369061.9 | J44: =SQRT(3)*SQRT(($B$3/SQRT(3)*K_1+SQRT(H44^2+I44^2)/SQRT(3)/$B$3/Nm*I44/SQRT(H44^2+I44^2)*K_2)^2+(SQRT(H44^2+I44^2)/SQRT(3)/$B$3/Nm*H44/SQRT(H44^2+I44^2)*K_2)^2) -> 583.17429 | K44: =Nm*(-SQRT(Vi^2*$B$3^2/K_2^2-(H44/Nm)^2)-$B$3^2*K_1/K_2) -> -42884584 | L44: =IF(ABS(I44)<ABS(K44),I44,K44) -> 369061.9 | M44: =H44/1000 -> 3985.8215 | N44: =I44/1000 -> 369.0619 | O44: =J44*1.43+10 -> 843.93923 | P44: =L44/1000 -> 369.0619 | Q44: =SQRT(M44^2+P44^2) -> 4002.8714 | R44: =M44/SQRT(M44^2+P44^2) -> 0.99574057
H45: ='V_1,1pu_DIG'!H45 -> 3930462.9 | I45: =Nm*(-SQRT(IF(3/K_3^2*Ii^2*$B$3^2-(H45/Nm)^2<0.0000000001,0,3/K_3^2*Ii^2*$B$3^2-(H45/Nm)^2))+$B$3^2/K_3*K_4) -> 369061.9 | J45: =SQRT(3)*SQRT(($B$3/SQRT(3)*K_1+SQRT(H45^2+I45^2)/SQRT(3)/$B$3/Nm*I45/SQRT(H45^2+I45^2)*K_2)^2+(SQRT(H45^2+I45^2)/SQRT(3)/$B$3/Nm*H45/SQRT(H45^2+I45^2)*K_2)^2) -> 582.87146 | K45: =Nm*(-SQRT(Vi^2*$B$3^2/K_2^2-(H45/Nm)^2)-$B$3^2*K_1/K_2) -> -42894068 | L45: =IF(ABS(I45)<ABS(K45),I45,K45) -> 369061.9 | M45: =H45/1000 -> 3930.4629 | N45: =I45/1000 -> 369.0619 | O45: =J45*1.43+10 -> 843.50619 | P45: =L45/1000 -> 369.0619 | Q45: =SQRT(M45^2+P45^2) -> 3947.7519 | R45: =M45/SQRT(M45^2+P45^2) -> 0.99562054
H46: ='V_1,1pu_DIG'!H46 -> 3875104.2 | I46: =Nm*(-SQRT(IF(3/K_3^2*Ii^2*$B$3^2-(H46/Nm)^2<0.0000000001,0,3/K_3^2*Ii^2*$B$3^2-(H46/Nm)^2))+$B$3^2/K_3*K_4) -> 369061.9 | J46: =SQRT(3)*SQRT(($B$3/SQRT(3)*K_1+SQRT(H46^2+I46^2)/SQRT(3)/$B$3/Nm*I46/SQRT(H46^2+I46^2)*K_2)^2+(SQRT(H46^2+I46^2)/SQRT(3)/$B$3/Nm*H46/SQRT(H46^2+I46^2)*K_2)^2) -> 582.57272 | K46: =Nm*(-SQRT(Vi^2*$B$3^2/K_2^2-(H46/Nm)^2)-$B$3^2*K_1/K_2) -> -42903415 | L46: =IF(ABS(I46)<ABS(K46),I46,K46) -> 369061.9 | M46: =H46/1000 -> 3875.1042 | N46: =I46/1000 -> 369.0619 | O46: =J46*1.43+10 -> 843.07898 | P46: =L46/1000 -> 369.0619 | Q46: =SQRT(M46^2+P46^2) -> 3892.6392 | R46: =M46/SQRT(M46^2+P46^2) -> 0.99549537
H47: ='V_1,1pu_DIG'!H47 -> 3819745.6 | I47: =Nm*(-SQRT(IF(3/K_3^2*Ii^2*$B$3^2-(H47/Nm)^2<0.0000000001,0,3/K_3^2*Ii^2*$B$3^2-(H47/Nm)^2))+$B$3^2/K_3*K_4) -> 369061.9 | J47: =SQRT(3)*SQRT(($B$3/SQRT(3)*K_1+SQRT(H47^2+I47^2)/SQRT(3)/$B$3/Nm*I47/SQRT(H47^2+I47^2)*K_2)^2+(SQRT(H47^2+I47^2)/SQRT(3)/$B$3/Nm*H47/SQRT(H47^2+I47^2)*K_2)^2) -> 582.27806 | K47: =Nm*(-SQRT(Vi^2*$B$3^2/K_2^2-(H47/Nm)^2)-$B$3^2*K_1/K_2) -> -42912627 | L47: =IF(ABS(I47)<ABS(K47),I47,K47) -> 369061.9 | M47: =H47/1000 -> 3819.7456 | N47: =I47/1000 -> 369.0619 | O47: =J47*1.43+10 -> 842.65762 | P47: =L47/1000 -> 369.0619 | Q47: =SQRT(M47^2+P47^2) -> 3837.5335 | R47: =M47/SQRT(M47^2+P47^2) -> 0.99536476
H48: ='V_1,1pu_DIG'!H48 -> 3764387 | I48: =Nm*(-SQRT(IF(3/K_3^2*Ii^2*$B$3^2-(H48/Nm)^2<0.0000000001,0,3/K_3^2*Ii^2*$B$3^2-(H48/Nm)^2))+$B$3^2/K_3*K_4) -> 369061.9 | J48: =SQRT(3)*SQRT(($B$3/SQRT(3)*K_1+SQRT(H48^2+I48^2)/SQRT(3)/$B$3/Nm*I48/SQRT(H48^2+I48^2)*K_2)^2+(SQRT(H48^2+I48^2)/SQRT(3)/$B$3/Nm*H48/SQRT(H48^2+I48^2)*K_2)^2) -> 581.98749 | K48: =Nm*(-SQRT(Vi^2*$B$3^2/K_2^2-(H48/Nm)^2)-$B$3^2*K_1/K_2) -> -42921702 | L48: =IF(ABS(I48)<ABS(K48),I48,K48) -> 369061.9 | M48: =H48/1000 -> 3764.387 | N48: =I48/1000 -> 369.0619 | O48: =J48*1.43+10 -> 842.24212 | P48: =L48/1000 -> 369.0619 | Q48: =SQRT(M48^2+P48^2) -> 3782.4352 | R48: =M48/SQRT(M48^2+P48^2) -> 0.99522841
... H68: ='V_1,1pu_DIG'!H68 -> -5.2386895e-10 | I68: =Nm*(-SQRT(IF(3/K_3^2*Ii^2*$B$3^2-(H68/Nm)^2<0.0000000001,0,3/K_3^2*Ii^2*$B$3^2-(H68/Nm)^2))+$B$3^2/K_3*K_4) -> -3323966.8 | J68: =SQRT(3)*SQRT(($B$3/SQRT(3)*K_1+SQRT(H68^2+I68^2)/SQRT(3)/$B$3/Nm*I68/SQRT(H68^2+I68^2)*K_2)^2+(SQRT(H68^2+I68^2)/SQRT(3)/$B$3/Nm*H68/SQRT(H68^2+I68^2)*K_2)^2) -> 467.26437 | K68: =Nm*(-SQRT(Vi^2*$B$3^2/K_2^2-(H68/Nm)^2)-$B$3^2*K_1/K_2) -> -43225940 | L68: =IF(ABS(I68)<ABS(K68),I68,K68) -> -3323966.8 | M68: =H68/1000 -> -5.2386895e-13 | N68: =I68/1000 -> -3323.9668 | O68: =J68*1.43+10 -> 678.18805 | P68: =L68/1000 -> -3323.9668 | Q68: =SQRT(M68^2+P68^2) -> 3323.9668 | R68: =M68/SQRT(M68^2+P68^2) -> -1.5760355e-16

Sheet V_0,94pu_DIG
A1: Inverter Voltage | B1: =Capability!B1 -> 620 | H1: P (W) | I1: Q _Ii(VAr) | J1: Vi_need | K1: Q_Vdc (Var) | L1: Q(Var) | M1: P(kW) | N1: Q_Ii(kVAr) | O1: Vdc_min (V) | P1: Q(kVAr) | Q1: S(kVA) | R1: cos fi
A2: Voltage operation pu | B2: 0.94 | F2: P_manual (kW), Q>0 | G2: =Capability!G2 -> 3750 | H2: =G2*1000 -> 3750000 | I2: =Nm*(SQRT(IF(3/K_3^2*Ii^2*B3^2-(H2/Nm)^2<0.0000000001,0,3/K_3^2*Ii^2*B3^2-(H2/Nm)^2))+B3^2/K_3*K_4) -> 804069.55 | J2: =SQRT(3)*SQRT((B3/SQRT(3)*K_1+SQRT(H2^2+I2^2)/SQRT(3)/B3/Nm*I2/SQRT(H2^2+I2^2)*K_2)^2+(SQRT(H2^2+I2^2)/SQRT(3)/B3/Nm*H2/SQRT(H2^2+I2^2)*K_2)^2) -> 605.20001 | K2: =Nm*(SQRT(Vi^2*B3^2/K_2^2-(H2/Nm)^2)-B3^2*K_1/K_2) -> 3000199.5 | L2: =IF(ABS(I2)<ABS(K2),I2,K2) -> 804069.55 | M2: =H2/1000 -> 3750 | N2: =I2/1000 -> 804.06955 | O2: =J2*1.43+10 -> 875.43601 | P2: =L2/1000 -> 804.06955 | Q2: =SQRT(M2^2+P2^2) -> 3835.235 | R2: =M2/SQRT(M2^2+P2^2) -> 0.9777758 | S2: Capacitive
A3: Line-Line Voltage (V) | B3: =$B$1*B2 -> 582.8 | F3: P_manual (kW), Q<0 | G3: =Capability!G3 -> 2846 | H3: =G3*1000 -> 2846000 | I3: =Nm*(-SQRT(IF(3/K_3^2*Ii^2*B3^2-(H3/Nm)^2<0.0000000001,0,3/K_3^2*Ii^2*B3^2-(H3/Nm)^2))+B3^2/K_3*K_4) -> -2092249.9 | J3: =SQRT(3)*SQRT((B3/SQRT(3)*K_1+SQRT(H3^2+I3^2)/SQRT(3)/B3/Nm*I3/SQRT(H3^2+I3^2)*K_2)^2+(SQRT(H3^2+I3^2)/SQRT(3)/B3/Nm*H3/SQRT(H3^2+I3^2)*K_2)^2) -> 521.7264 | K3: =Nm*(-SQRT(Vi^2*B3^2/K_2^2-(H3/Nm)^2)-B3^2*K_1/K_2) -> -44435402 | L3: =IF(ABS(I3)<ABS(K3),I3,K3) -> -2092249.9 | M3: =H3/1000 -> 2846 | N3: =I3/1000 -> -2092.2499 | O3: =J3*1.43+10 -> 756.06875 | P3: =L3/1000 -> -2092.2499 | Q3: =SQRT(M3^2+P3^2) -> 3532.3116 | R3: =M3/SQRT(M3^2+P3^2) -> 0.80570467 | S3: Inductive
A4: Nm: Number of modules | B4: =Nm -> 3 | H4: ='V_1,1pu_DIG'!H4 -> 0 | I4: =Nm*(SQRT(IF(3/K_3^2*Ii^2*$B$3^2-(H4/Nm)^2<0.0000000001,0,3/K_3^2*Ii^2*$B$3^2-(H4/Nm)^2))+$B$3^2/K_3*K_4) -> 4158594.4 | J4: =SQRT(3)*SQRT(($B$3/SQRT(3)*K_1+SQRT(H4^2+I4^2)/SQRT(3)/$B$3/Nm*I4/SQRT(H4^2+I4^2)*K_2)^2+(SQRT(H4^2+I4^2)/SQRT(3)/$B$3/Nm*H4/SQRT(H4^2+I4^2)*K_2)^2) -> 689.36026 | K4: =Nm*(SQRT(Vi^2*$B$3^2/K_2^2-(H4/Nm)^2)-$B$3^2*K_1/K_2) -> 3295597.3 | L4: =IF(ABS(I4)<ABS(K4),I4,K4) -> 3295597.3 | M4: =H4/1000 -> 0 | N4: =I4/1000 -> 4158.5944 | O4: =J4*1.43+10 -> 995.78517 | P4: =L4/1000 -> 3295.5973 | Q4: =SQRT(M4^2+P4^2) -> 3295.5973 | R4: =M4/SQRT(M4^2+P4^2) -> 0
A5: f(Hz) | B5: =Capability!B5 -> 50 | C5: wg(Hz) | D5: =2*PI()*B5 -> 314.15927 | H5: ='V_1,1pu_DIG'!H5 -> 221434.53 | I5: =Nm*(SQRT(IF(3/K_3^2*Ii^2*$B$3^2-(H5/Nm)^2<0.0000000001,0,3/K_3^2*Ii^2*$B$3^2-(H5/Nm)^2))+$B$3^2/K_3*K_4) -> 4152091.4 | J5: =SQRT(3)*SQRT(($B$3/SQRT(3)*K_1+SQRT(H5^2+I5^2)/SQRT(3)/$B$3/Nm*I5/SQRT(H5^2+I5^2)*K_2)^2+(SQRT(H5^2+I5^2)/SQRT(3)/$B$3/Nm*H5/SQRT(H5^2+I5^2)*K_2)^2) -> 689.20705 | K5: =Nm*(SQRT(Vi^2*$B$3^2/K_2^2-(H5/Nm)^2)-$B$3^2*K_1/K_2) -> 3294573.7 | L5: =IF(ABS(I5)<ABS(K5),I5,K5) -> 3294573.7 | M5: =H5/1000 -> 221.43453 | N5: =I5/1000 -> 4152.0914 | O5: =J5*1.43+10 -> 995.56608 | P5: =L5/1000 -> 3294.5737 | Q5: =SQRT(M5^2+P5^2) -> 3302.0068 | R5: =M5/SQRT(M5^2+P5^2) -> 0.067060591
A6: Height (m) | B6: =Capability!B6 -> 2700 | H6: ='V_1,1pu_DIG'!H6 -> 442869.06 | I6: =Nm*(SQRT(IF(3/K_3^2*Ii^2*$B$3^2-(H6/Nm)^2<0.0000000001,0,3/K_3^2*Ii^2*$B$3^2-(H6/Nm)^2))+$B$3^2/K_3*K_4) -> 4132514.7 | J6: =SQRT(3)*SQRT(($B$3/SQRT(3)*K_1+SQRT(H6^2+I6^2)/SQRT(3)/$B$3/Nm*I6/SQRT(H6^2+I6^2)*K_2)^2+(SQRT(H6^2+I6^2)/SQRT(3)/$B$3/Nm*H6/SQRT(H6^2+I6^2)*K_2)^2) -> 688.74562 | K6: =Nm*(SQRT(Vi^2*$B$3^2/K_2^2-(H6/Nm)^2)-$B$3^2*K_1/K_2) -> 3291502.4 | L6: =IF(ABS(I6)<ABS(K6),I6,K6) -> 3291502.4 | M6: =H6/1000 -> 442.86906 | N6: =I6/1000 -> 4132.5147 | O6: =J6*1.43+10 -> 994.90624 | P6: =L6/1000 -> 3291.5024 | Q6: =SQRT(M6^2+P6^2) -> 3321.1626 | R6: =M6/SQRT(M6^2+P6^2) -> 0.1333476
A7: Temperature Max (ºC) ( TM) | B7: =Capability!B7 -> 33 | C7: TM_H_corrected(ºC) | D7: =B7+aux!C6 -> 44.25 | H7: ='V_1,1pu_DIG'!H7 -> 664303.59 | I7: =Nm*(SQRT(IF(3/K_3^2*Ii^2*$B$3^2-(H7/Nm)^2<0.0000000001,0,3/K_3^2*Ii^2*$B$3^2-(H7/Nm)^2))+$B$3^2/K_3*K_4) -> 4099657.7 | J7: =SQRT(3)*SQRT(($B$3/SQRT(3)*K_1+SQRT(H7^2+I7^2)/SQRT(3)/$B$3/Nm*I7/SQRT(H7^2+I7^2)*K_2)^2+(SQRT(H7^2+I7^2)/SQRT(3)/$B$3/Nm*H7/SQRT(H7^2+I7^2)*K_2)^2) -> 687.97048 | K7: =Nm*(SQRT(Vi^2*$B$3^2/K_2^2-(H7/Nm)^2)-$B$3^2*K_1/K_2) -> 3286382.8 | L7: =IF(ABS(I7)<ABS(K7),I7,K7) -> 3286382.8 | M7: =H7/1000 -> 664.30359 | N7: =I7/1000 -> 4099.6577 | O7: =J7*1.43+10 -> 993.79778 | P7: =L7/1000 -> 3286.3828 | Q7: =SQRT(M7^2+P7^2) -> 3352.8512 | R7: =M7/SQRT(M7^2+P7^2) -> 0.19813095
A8: Vdc_min (Tmax) | B8: =Capability!B8 -> 951.5 | C8: Vdc_min(sat) | D8: =IF(B8>1250,1250,IF(B8<B3*1.43,B3*1.43,B8)) -> 951.5 | H8: ='V_1,1pu_DIG'!H8 -> 885738.11 | I8: =Nm*(SQRT(IF(3/K_3^2*Ii^2*$B$3^2-(H8/Nm)^2<0.0000000001,0,3/K_3^2*Ii^2*$B$3^2-(H8/Nm)^2))+$B$3^2/K_3*K_4) -> 4053163.4 | J8: =SQRT(3)*SQRT(($B$3/SQRT(3)*K_1+SQRT(H8^2+I8^2)/SQRT(3)/$B$3/Nm*I8/SQRT(H8^2+I8^2)*K_2)^2+(SQRT(H8^2+I8^2)/SQRT(3)/$B$3/Nm*H8/SQRT(H8^2+I8^2)*K_2)^2) -> 686.87212 | K8: =Nm*(SQRT(Vi^2*$B$3^2/K_2^2-(H8/Nm)^2)-$B$3^2*K_1/K_2) -> 3279213.4 | L8: =IF(ABS(I8)<ABS(K8),I8,K8) -> 3279213.4 | M8: =H8/1000 -> 885.73811 | N8: =I8/1000 -> 4053.1634 | O8: =J8*1.43+10 -> 992.22713 | P8: =L8/1000 -> 3279.2134 | Q8: =SQRT(M8^2+P8^2) -> 3396.7297 | R8: =M8/SQRT(M8^2+P8^2) -> 0.26076202
A9: TM_derating | B9: =IF(B25=1,IF(D7>aux!B12,(D7-aux!B12)/(aux!B13-aux!B12)*(aux!C13-aux!C12)+aux!C12,IF(D7>aux!B11,(D7-aux!B11)/(aux!B12-aux!B11)*(aux!C12-aux!C11)+aux!C11,aux!C10)),1) -> 1.0445397 | H9: ='V_1,1pu_DIG'!H9 -> 1107172.6 | I9: =Nm*(SQRT(IF(3/K_3^2*Ii^2*$B$3^2-(H9/Nm)^2<0.0000000001,0,3/K_3^2*Ii^2*$B$3^2-(H9/Nm)^2))+$B$3^2/K_3*K_4) -> 3992504.6 | J9: =SQRT(3)*SQRT(($B$3/SQRT(3)*K_1+SQRT(H9^2+I9^2)/SQRT(3)/$B$3/Nm*I9/SQRT(H9^2+I9^2)*K_2)^2+(SQRT(H9^2+I9^2)/SQRT(3)/$B$3/Nm*H9/SQRT(H9^2+I9^2)*K_2)^2) -> 685.4365 | K9: =Nm*(SQRT(Vi^2*$B$3^2/K_2^2-(H9/Nm)^2)-$B$3^2*K_1/K_2) -> 3269992.6 | L9: =IF(ABS(I9)<ABS(K9),I9,K9) -> 3269992.6 | M9: =H9/1000 -> 1107.1726 | N9: =I9/1000 -> 3992.5046 | O9: =J9*1.43+10 -> 990.17419 | P9: =L9/1000 -> 3269.9926 | Q9: =SQRT(M9^2+P9^2) -> 3452.3445 | R9: =M9/SQRT(M9^2+P9^2) -> 0.32070167
A10: Vdc_min derating | B10: =IF(B25=1,IF(D8>aux!B20,0,IF(D8>aux!B19,(D8-aux!B19)*(aux!C19-aux!C20)/(aux!B19-aux!B20)+aux!C19,IF(D8>aux!B18,(aux!C18-aux!C19)/(aux!B18-aux!B19)*(D8-aux!B18)+aux!C18,IF(D8>aux!B17,(aux!C17-aux!C18)/(aux!B17-aux!B18)*(D8-aux!B17)+aux!C17,aux!C17)))),1) -> 1.14925 | H10: ='V_1,1pu_DIG'!H10 -> 1328607.2 | I10: =Nm*(SQRT(IF(3/K_3^2*Ii^2*$B$3^2-(H10/Nm)^2<0.0000000001,0,3/K_3^2*Ii^2*$B$3^2-(H10/Nm)^2))+$B$3^2/K_3*K_4) -> 3916951.4 | J10: =SQRT(3)*SQRT(($B$3/SQRT(3)*K_1+SQRT(H10^2+I10^2)/SQRT(3)/$B$3/Nm*I10/SQRT(H10^2+I10^2)*K_2)^2+(SQRT(H10^2+I10^2)/SQRT(3)/$B$3/Nm*H10/SQRT(H10^2+I10^2)*K_2)^2) -> 683.64415 | K10: =Nm*(SQRT(Vi^2*$B$3^2/K_2^2-(H10/Nm)^2)-$B$3^2*K_1/K_2) -> 3258717.8 | L10: =IF(ABS(I10)<ABS(K10),I10,K10) -> 3258717.8 | M10: =H10/1000 -> 1328.6072 | N10: =I10/1000 -> 3916.9514 | O10: =J10*1.43+10 -> 987.61113 | P10: =L10/1000 -> 3258.7178 | Q10: =SQRT(M10^2+P10^2) -> 3519.1531 | R10: =M10/SQRT(M10^2+P10^2) -> 0.37753605
A11: Total derating@ TM | B11: =B9*B10 -> 1.2004372 | H11: ='V_1,1pu_DIG'!H11 -> 1550041.7 | I11: =Nm*(SQRT(IF(3/K_3^2*Ii^2*$B$3^2-(H11/Nm)^2<0.0000000001,0,3/K_3^2*Ii^2*$B$3^2-(H11/Nm)^2))+$B$3^2/K_3*K_4) -> 3825522.8 | J11: =SQRT(3)*SQRT(($B$3/SQRT(3)*K_1+SQRT(H11^2+I11^2)/SQRT(3)/$B$3/Nm*I11/SQRT(H11^2+I11^2)*K_2)^2+(SQRT(H11^2+I11^2)/SQRT(3)/$B$3/Nm*H11/SQRT(H11^2+I11^2)*K_2)^2) -> 681.46888 | K11: =Nm*(SQRT(Vi^2*$B$3^2/K_2^2-(H11/Nm)^2)-$B$3^2*K_1/K_2) -> 3245386.2 | L11: =IF(ABS(I11)<ABS(K11),I11,K11) -> 3245386.2 | M11: =H11/1000 -> 1550.0417 | N11: =I11/1000 -> 3825.5228 | O11: =J11*1.43+10 -> 984.50051 | P11: =L11/1000 -> 3245.3862 | Q11: =SQRT(M11^2+P11^2) -> 3596.5484 | R11: =M11/SQRT(M11^2+P11^2) -> 0.43098035
A12: Temperature Min (ºC) ( Tm) | B12: =Capability!B12 -> -5 | C12: Tm_H_corrected(ºC) | D12: =B12+aux!C6 -> 6.25 | H12: ='V_1,1pu_DIG'!H12 -> 1771476.2 | I12: =Nm*(SQRT(IF(3/K_3^2*Ii^2*$B$3^2-(H12/Nm)^2<0.0000000001,0,3/K_3^2*Ii^2*$B$3^2-(H12/Nm)^2))+$B$3^2/K_3*K_4) -> 3716911.9 | J12: =SQRT(3)*SQRT(($B$3/SQRT(3)*K_1+SQRT(H12^2+I12^2)/SQRT(3)/$B$3/Nm*I12/SQRT(H12^2+I12^2)*K_2)^2+(SQRT(H12^2+I12^2)/SQRT(3)/$B$3/Nm*H12/SQRT(H12^2+I12^2)*K_2)^2) -> 678.87576 | K12: =Nm*(SQRT(Vi^2*$B$3^2/K_2^2-(H12/Nm)^2)-$B$3^2*K_1/K_2) -> 3229994.3 | L12: =IF(ABS(I12)<ABS(K12),I12,K12) -> 3229994.3 | M12: =H12/1000 -> 1771.4762 | N12: =I12/1000 -> 3716.9119 | O12: =J12*1.43+10 -> 980.79234 | P12: =L12/1000 -> 3229.9943 | Q12: =SQRT(M12^2+P12^2) -> 3683.8826 | R12: =M12/SQRT(M12^2+P12^2) -> 0.48087206
A13: Vdc_max (Tmin) | B13: =Capability!B13 -> 1130 | C13: Vdc_max(sat) | D13: =IF(B13>1250,1250,IF(B13<B3*1.43,B3*1.43,B13)) -> 1130 | H13: ='V_1,1pu_DIG'!H13 -> 1992910.8 | I13: =Nm*(SQRT(IF(3/K_3^2*Ii^2*$B$3^2-(H13/Nm)^2<0.0000000001,0,3/K_3^2*Ii^2*$B$3^2-(H13/Nm)^2))+$B$3^2/K_3*K_4) -> 3589372 | J13: =SQRT(3)*SQRT(($B$3/SQRT(3)*K_1+SQRT(H13^2+I13^2)/SQRT(3)/$B$3/Nm*I13/SQRT(H13^2+I13^2)*K_2)^2+(SQRT(H13^2+I13^2)/SQRT(3)/$B$3/Nm*H13/SQRT(H13^2+I13^2)*K_2)^2) -> 675.818 | K13: =Nm*(SQRT(Vi^2*$B$3^2/K_2^2-(H13/Nm)^2)-$B$3^2*K_1/K_2) -> 3212538.2 | L13: =IF(ABS(I13)<ABS(K13),I13,K13) -> 3212538.2 | M13: =H13/1000 -> 1992.9108 | N13: =I13/1000 -> 3589.372 | O13: =J13*1.43+10 -> 976.41975 | P13: =L13/1000 -> 3212.5382 | Q13: =SQRT(M13^2+P13^2) -> 3780.4887 | R13: =M13/SQRT(M13^2+P13^2) -> 0.52715692
A14: Tm_derating | B14: =IF(B25=1,IF(D12>aux!B12,(D12-aux!B12)/(aux!B13-aux!B12)*(aux!C13-aux!C12)+aux!C12,IF(D12>aux!B11,(D12-aux!B11)/(aux!B12-aux!B11)*(aux!C12-aux!C11)+aux!C11,aux!C10)),1) -> 1.1161905 | H14: ='V_1,1pu_DIG'!H14 -> 2214345.3 | I14: =Nm*(SQRT(IF(3/K_3^2*Ii^2*$B$3^2-(H14/Nm)^2<0.0000000001,0,3/K_3^2*Ii^2*$B$3^2-(H14/Nm)^2))+$B$3^2/K_3*K_4) -> 3440533.3 | J14: =SQRT(3)*SQRT(($B$3/SQRT(3)*K_1+SQRT(H14^2+I14^2)/SQRT(3)/$B$3/Nm*I14/SQRT(H14^2+I14^2)*K_2)^2+(SQRT(H14^2+I14^2)/SQRT(3)/$B$3/Nm*H14/SQRT(H14^2+I14^2)*K_2)^2) -> 672.23202 | K14: =Nm*(SQRT(Vi^2*$B$3^2/K_2^2-(H14/Nm)^2)-$B$3^2*K_1/K_2) -> 3193013.3 | L14: =IF(ABS(I14)<ABS(K14),I14,K14) -> 3193013.3 | M14: =H14/1000 -> 2214.3453 | N14: =I14/1000 -> 3440.5333 | O14: =J14*1.43+10 -> 971.29179 | P14: =L14/1000 -> 3193.0133 | Q14: =SQRT(M14^2+P14^2) -> 3885.6993 | R14: =M14/SQRT(M14^2+P14^2) -> 0.56987048
A15: Vdc_derating(V) | B15: =IF(B25=1,IF(B13>aux!B20,0,IF(B13>aux!B19,(B13-aux!B19)*(aux!C19-aux!C20)/(aux!B19-aux!B20)+aux!C19,IF(B13>aux!B18,(aux!C18-aux!C19)/(aux!B18-aux!B19)*(B13-aux!B18)+aux!C18,IF(B13>aux!B17,(aux!C17-aux!C18)/(aux!B17-aux!B18)*(B13-aux!B17)+aux!C17,aux!C17)))),1) -> 1.06 | H15: ='V_1,1pu_DIG'!H15 -> 2435779.8 | I15: =Nm*(SQRT(IF(3/K_3^2*Ii^2*$B$3^2-(H15/Nm)^2<0.0000000001,0,3/K_3^2*Ii^2*$B$3^2-(H15/Nm)^2))+$B$3^2/K_3*K_4) -> 3267097.8 | J15: =SQRT(3)*SQRT(($B$3/SQRT(3)*K_1+SQRT(H15^2+I15^2)/SQRT(3)/$B$3/Nm*I15/SQRT(H15^2+I15^2)*K_2)^2+(SQRT(H15^2+I15^2)/SQRT(3)/$B$3/Nm*H15/SQRT(H15^2+I15^2)*K_2)^2) -> 668.02914 | K15: =Nm*(SQRT(Vi^2*$B$3^2/K_2^2-(H15/Nm)^2)-$B$3^2*K_1/K_2) -> 3171414.5 | L15: =IF(ABS(I15)<ABS(K15),I15,K15) -> 3171414.5 | M15: =H15/1000 -> 2435.7798 | N15: =I15/1000 -> 3267.0978 | O15: =J15*1.43+10 -> 965.28168 | P15: =L15/1000 -> 3171.4145 | Q15: =SQRT(M15^2+P15^2) -> 3998.8615 | R15: =M15/SQRT(M15^2+P15^2) -> 0.60911833
A16: Total derating@ Tm | B16: =B14*B15 -> 1.1831619 | H16: ='V_1,1pu_DIG'!H16 -> 2657214.3 | I16: =Nm*(SQRT(IF(3/K_3^2*Ii^2*$B$3^2-(H16/Nm)^2<0.0000000001,0,3/K_3^2*Ii^2*$B$3^2-(H16/Nm)^2))+$B$3^2/K_3*K_4) -> 3064292.5 | J16: =SQRT(3)*SQRT(($B$3/SQRT(3)*K_1+SQRT(H16^2+I16^2)/SQRT(3)/$B$3/Nm*I16/SQRT(H16^2+I16^2)*K_2)^2+(SQRT(H16^2+I16^2)/SQRT(3)/$B$3/Nm*H16/SQRT(H16^2+I16^2)*K_2)^2) -> 663.08076 | K16: =Nm*(SQRT(Vi^2*$B$3^2/K_2^2-(H16/Nm)^2)-$B$3^2*K_1/K_2) -> 3147736.2 | L16: =IF(ABS(I16)<ABS(K16),I16,K16) -> 3064292.5 | M16: =H16/1000 -> 2657.2143 | N16: =I16/1000 -> 3064.2925 | O16: =J16*1.43+10 -> 958.20548 | P16: =L16/1000 -> 3064.2925 | Q16: =SQRT(M16^2+P16^2) -> 4055.9433 | R16: =M16/SQRT(M16^2+P16^2) -> 0.65514089
H17: ='V_1,1pu_DIG'!H17 -> 2878648.9 | I17: =Nm*(SQRT(IF(3/K_3^2*Ii^2*$B$3^2-(H17/Nm)^2<0.0000000001,0,3/K_3^2*Ii^2*$B$3^2-(H17/Nm)^2))+$B$3^2/K_3*K_4) -> 2824803.6 | J17: =SQRT(3)*SQRT(($B$3/SQRT(3)*K_1+SQRT(H17^2+I17^2)/SQRT(3)/$B$3/Nm*I17/SQRT(H17^2+I17^2)*K_2)^2+(SQRT(H17^2+I17^2)/SQRT(3)/$B$3/Nm*H17/SQRT(H17^2+I17^2)*K_2)^2) -> 657.18933 | K17: =Nm*(SQRT(Vi^2*$B$3^2/K_2^2-(H17/Nm)^2)-$B$3^2*K_1/K_2) -> 3121972.2 | L17: =IF(ABS(I17)<ABS(K17),I17,K17) -> 2824803.6 | M17: =H17/1000 -> 2878.6489 | N17: =I17/1000 -> 2824.8036 | O17: =J17*1.43+10 -> 949.78074 | P17: =L17/1000 -> 2824.8036 | Q17: =SQRT(M17^2+P17^2) -> 4033.1296 | R17: =M17/SQRT(M17^2+P17^2) -> 0.71375064
A18: Derating factor for TM | B18: =MIN(B16,B11) -> 1.1831619 | H18: ='V_1,1pu_DIG'!H18 -> 3100083.4 | I18: =Nm*(SQRT(IF(3/K_3^2*Ii^2*$B$3^2-(H18/Nm)^2<0.0000000001,0,3/K_3^2*Ii^2*$B$3^2-(H18/Nm)^2))+$B$3^2/K_3*K_4) -> 2536413.7 | J18: =SQRT(3)*SQRT(($B$3/SQRT(3)*K_1+SQRT(H18^2+I18^2)/SQRT(3)/$B$3/Nm*I18/SQRT(H18^2+I18^2)*K_2)^2+(SQRT(H18^2+I18^2)/SQRT(3)/$B$3/Nm*H18/SQRT(H18^2+I18^2)*K_2)^2) -> 650.02407 | K18: =Nm*(SQRT(Vi^2*$B$3^2/K_2^2-(H18/Nm)^2)-$B$3^2*K_1/K_2) -> 3094115.7 | L18: =IF(ABS(I18)<ABS(K18),I18,K18) -> 2536413.7 | M18: =H18/1000 -> 3100.0834 | N18: =I18/1000 -> 2536.4137 | O18: =J18*1.43+10 -> 939.53442 | P18: =L18/1000 -> 2536.4137 | Q18: =SQRT(M18^2+P18^2) -> 4005.4852 | R18: =M18/SQRT(M18^2+P18^2) -> 0.77395952
H19: ='V_1,1pu_DIG'!H19 -> 3321517.9 | I19: =Nm*(SQRT(IF(3/K_3^2*Ii^2*$B$3^2-(H19/Nm)^2<0.0000000001,0,3/K_3^2*Ii^2*$B$3^2-(H19/Nm)^2))+$B$3^2/K_3*K_4) -> 2175645.9 | J19: =SQRT(3)*SQRT(($B$3/SQRT(3)*K_1+SQRT(H19^2+I19^2)/SQRT(3)/$B$3/Nm*I19/SQRT(H19^2+I19^2)*K_2)^2+(SQRT(H19^2+I19^2)/SQRT(3)/$B$3/Nm*H19/SQRT(H19^2+I19^2)*K_2)^2) -> 640.94776 | K19: =Nm*(SQRT(Vi^2*$B$3^2/K_2^2-(H19/Nm)^2)-$B$3^2*K_1/K_2) -> 3064159.3 | L19: =IF(ABS(I19)<ABS(K19),I19,K19) -> 2175645.9 | M19: =H19/1000 -> 3321.5179 | N19: =I19/1000 -> 2175.6459 | O19: =J19*1.43+10 -> 926.5553 | P19: =L19/1000 -> 2175.6459 | Q19: =SQRT(M19^2+P19^2) -> 3970.6318 | R19: =M19/SQRT(M19^2+P19^2) -> 0.83652127
A20: Vi_max (V) | B20: =(D8-10)/1.43 -> 658.39161 | H20: ='V_1,1pu_DIG'!H20 -> 3542952.5 | I20: =Nm*(SQRT(IF(3/K_3^2*Ii^2*$B$3^2-(H20/Nm)^2<0.0000000001,0,3/K_3^2*Ii^2*$B$3^2-(H20/Nm)^2))+$B$3^2/K_3*K_4) -> 1683500.7 | J20: =SQRT(3)*SQRT(($B$3/SQRT(3)*K_1+SQRT(H20^2+I20^2)/SQRT(3)/$B$3/Nm*I20/SQRT(H20^2+I20^2)*K_2)^2+(SQRT(H20^2+I20^2)/SQRT(3)/$B$3/Nm*H20/SQRT(H20^2+I20^2)*K_2)^2) -> 628.35484 | K20: =Nm*(SQRT(Vi^2*$B$3^2/K_2^2-(H20/Nm)^2)-$B$3^2*K_1/K_2) -> 3032095 | L20: =IF(ABS(I20)<ABS(K20),I20,K20) -> 1683500.7 | M20: =H20/1000 -> 3542.9525 | N20: =I20/1000 -> 1683.5007 | O20: =J20*1.43+10 -> 908.54742 | P20: =L20/1000 -> 1683.5007 | Q20: =SQRT(M20^2+P20^2) -> 3922.5867 | R20: =M20/SQRT(M20^2+P20^2) -> 0.90321839
A21: Ii (A) | B21: =IF(B25=1,(IF(B9*B10>B18,B18,B9*B10))*Ii_r,B26) -> 1242.32 | H21: ='V_1,1pu_DIG'!H21 -> 3598311.1 | I21: =Nm*(SQRT(IF(3/K_3^2*Ii^2*$B$3^2-(H21/Nm)^2<0.0000000001,0,3/K_3^2*Ii^2*$B$3^2-(H21/Nm)^2))+$B$3^2/K_3*K_4) -> 1521081.7 | J21: =SQRT(3)*SQRT(($B$3/SQRT(3)*K_1+SQRT(H21^2+I21^2)/SQRT(3)/$B$3/Nm*I21/SQRT(H21^2+I21^2)*K_2)^2+(SQRT(H21^2+I21^2)/SQRT(3)/$B$3/Nm*H21/SQRT(H21^2+I21^2)*K_2)^2) -> 624.14314 | K21: =Nm*(SQRT(Vi^2*$B$3^2/K_2^2-(H21/Nm)^2)-$B$3^2*K_1/K_2) -> 3023748.6 | L21: =IF(ABS(I21)<ABS(K21),I21,K21) -> 1521081.7 | M21: =H21/1000 -> 3598.3111 | N21: =I21/1000 -> 1521.0817 | O21: =J21*1.43+10 -> 902.52468 | P21: =L21/1000 -> 1521.0817 | Q21: =SQRT(M21^2+P21^2) -> 3906.6011 | R21: =M21/SQRT(M21^2+P21^2) -> 0.92108485
A22: P_max (W) (kW) | B22: =Nm*SQRT(3)*B3*Ii/K_3^2 -> 3784517.4 | C22: P_base (kW) | D22: =B22/1000 -> 3784.5174 | H22: ='V_1,1pu_DIG'!H22 -> 3653669.7 | I22: =Nm*(SQRT(IF(3/K_3^2*Ii^2*$B$3^2-(H22/Nm)^2<0.0000000001,0,3/K_3^2*Ii^2*$B$3^2-(H22/Nm)^2))+$B$3^2/K_3*K_4) -> 1327927.8 | J22: =SQRT(3)*SQRT(($B$3/SQRT(3)*K_1+SQRT(H22^2+I22^2)/SQRT(3)/$B$3/Nm*I22/SQRT(H22^2+I22^2)*K_2)^2+(SQRT(H22^2+I22^2)/SQRT(3)/$B$3/Nm*H22/SQRT(H22^2+I22^2)*K_2)^2) -> 619.09714 | K22: =Nm*(SQRT(Vi^2*$B$3^2/K_2^2-(H22/Nm)^2)-$B$3^2*K_1/K_2) -> 3015269.8 | L22: =IF(ABS(I22)<ABS(K22),I22,K22) -> 1327927.8 | M22: =H22/1000 -> 3653.6697 | N22: =I22/1000 -> 1327.9278 | O22: =J22*1.43+10 -> 895.30891 | P22: =L22/1000 -> 1327.9278 | Q22: =SQRT(M22^2+P22^2) -> 3887.5049 | R22: =M22/SQRT(M22^2+P22^2) -> 0.93984954
A23: Prated (W) | B23: =B3*Ii*SQRT(3)*Nm -> 3762139.6 | C23: Prated (kW) | D23: =B23/1000 -> 3762.1396 | H23: ='V_1,1pu_DIG'!H23 -> 3709028.4 | I23: =Nm*(SQRT(IF(3/K_3^2*Ii^2*$B$3^2-(H23/Nm)^2<0.0000000001,0,3/K_3^2*Ii^2*$B$3^2-(H23/Nm)^2))+$B$3^2/K_3*K_4) -> 1078817.8 | J23: =SQRT(3)*SQRT(($B$3/SQRT(3)*K_1+SQRT(H23^2+I23^2)/SQRT(3)/$B$3/Nm*I23/SQRT(H23^2+I23^2)*K_2)^2+(SQRT(H23^2+I23^2)/SQRT(3)/$B$3/Nm*H23/SQRT(H23^2+I23^2)*K_2)^2) -> 612.52797 | K23: =Nm*(SQRT(Vi^2*$B$3^2/K_2^2-(H23/Nm)^2)-$B$3^2*K_1/K_2) -> 3006658.4 | L23: =IF(ABS(I23)<ABS(K23),I23,K23) -> 1078817.8 | M23: =H23/1000 -> 3709.0284 | N23: =I23/1000 -> 1078.8178 | O23: =J23*1.43+10 -> 885.91499 | P23: =L23/1000 -> 1078.8178 | Q23: =SQRT(M23^2+P23^2) -> 3862.7373 | R23: =M23/SQRT(M23^2+P23^2) -> 0.96020725
H24: ='V_1,1pu_DIG'!H24 -> 3764387 | I24: =Nm*(SQRT(IF(3/K_3^2*Ii^2*$B$3^2-(H24/Nm)^2<0.0000000001,0,3/K_3^2*Ii^2*$B$3^2-(H24/Nm)^2))+$B$3^2/K_3*K_4) -> 644653.34 | J24: =SQRT(3)*SQRT(($B$3/SQRT(3)*K_1+SQRT(H24^2+I24^2)/SQRT(3)/$B$3/Nm*I24/SQRT(H24^2+I24^2)*K_2)^2+(SQRT(H24^2+I24^2)/SQRT(3)/$B$3/Nm*H24/SQRT(H24^2+I24^2)*K_2)^2) -> 600.90717 | K24: =Nm*(SQRT(Vi^2*$B$3^2/K_2^2-(H24/Nm)^2)-$B$3^2*K_1/K_2) -> 2997914.3 | L24: =IF(ABS(I24)<ABS(K24),I24,K24) -> 644653.34 | M24: =H24/1000 -> 3764.387 | N24: =I24/1000 -> 644.65334 | O24: =J24*1.43+10 -> 869.29725 | P24: =L24/1000 -> 644.65334 | Q24: =SQRT(M24^2+P24^2) -> 3819.1867 | R24: =M24/SQRT(M24^2+P24^2) -> 0.98565146
A25: GPTech Inverter | B25: =Capability!B25 -> 1 | H25: ='V_1,1pu_DIG'!H25 -> 3819745.6 | I25: =Nm*(SQRT(IF(3/K_3^2*Ii^2*$B$3^2-(H25/Nm)^2<0.0000000001,0,3/K_3^2*Ii^2*$B$3^2-(H25/Nm)^2))+$B$3^2/K_3*K_4) -> 385282.48 | J25: =SQRT(3)*SQRT(($B$3/SQRT(3)*K_1+SQRT(H25^2+I25^2)/SQRT(3)/$B$3/Nm*I25/SQRT(H25^2+I25^2)*K_2)^2+(SQRT(H25^2+I25^2)/SQRT(3)/$B$3/Nm*H25/SQRT(H25^2+I25^2)*K_2)^2) -> 594.08545 | K25: =Nm*(SQRT(Vi^2*$B$3^2/K_2^2-(H25/Nm)^2)-$B$3^2*K_1/K_2) -> 2989037.4 | L25: =IF(ABS(I25)<ABS(K25),I25,K25) -> 385282.48 | M25: =H25/1000 -> 3819.7456 | N25: =I25/1000 -> 385.28248 | O25: =J25*1.43+10 -> 859.5422 | P25: =L25/1000 -> 385.28248 | Q25: =SQRT(M25^2+P25^2) -> 3839.1274 | R25: =M25/SQRT(M25^2+P25^2) -> 0.99495151
A26: Inverter output current (A) | B26: =Capability!B26 -> 1250 | H26: ='V_1,1pu_DIG'!H26 -> 3875104.2 | I26: =Nm*(SQRT(IF(3/K_3^2*Ii^2*$B$3^2-(H26/Nm)^2<0.0000000001,0,3/K_3^2*Ii^2*$B$3^2-(H26/Nm)^2))+$B$3^2/K_3*K_4) -> 385282.48 | J26: =SQRT(3)*SQRT(($B$3/SQRT(3)*K_1+SQRT(H26^2+I26^2)/SQRT(3)/$B$3/Nm*I26/SQRT(H26^2+I26^2)*K_2)^2+(SQRT(H26^2+I26^2)/SQRT(3)/$B$3/Nm*H26/SQRT(H26^2+I26^2)*K_2)^2) -> 594.3621 | K26: =Nm*(SQRT(Vi^2*$B$3^2/K_2^2-(H26/Nm)^2)-$B$3^2*K_1/K_2) -> 2980027.4 | L26: =IF(ABS(I26)<ABS(K26),I26,K26) -> 385282.48 | M26: =H26/1000 -> 3875.1042 | N26: =I26/1000 -> 385.28248 | O26: =J26*1.43+10 -> 859.93781 | P26: =L26/1000 -> 385.28248 | Q26: =SQRT(M26^2+P26^2) -> 3894.2105 | R26: =M26/SQRT(M26^2+P26^2) -> 0.99509367
H27: ='V_1,1pu_DIG'!H27 -> 3930462.9 | I27: =Nm*(SQRT(IF(3/K_3^2*Ii^2*$B$3^2-(H27/Nm)^2<0.0000000001,0,3/K_3^2*Ii^2*$B$3^2-(H27/Nm)^2))+$B$3^2/K_3*K_4) -> 385282.48 | J27: =SQRT(3)*SQRT(($B$3/SQRT(3)*K_1+SQRT(H27^2+I27^2)/SQRT(3)/$B$3/Nm*I27/SQRT(H27^2+I27^2)*K_2)^2+(SQRT(H27^2+I27^2)/SQRT(3)/$B$3/Nm*H27/SQRT(H27^2+I27^2)*K_2)^2) -> 594.6426 | K27: =Nm*(SQRT(Vi^2*$B$3^2/K_2^2-(H27/Nm)^2)-$B$3^2*K_1/K_2) -> 2970884.4 | L27: =IF(ABS(I27)<ABS(K27),I27,K27) -> 385282.48 | M27: =H27/1000 -> 3930.4629 | N27: =I27/1000 -> 385.28248 | O27: =J27*1.43+10 -> 860.33892 | P27: =L27/1000 -> 385.28248 | Q27: =SQRT(M27^2+P27^2) -> 3949.3013 | R27: =M27/SQRT(M27^2+P27^2) -> 0.99522993
A28: Set Point Calculation Tool (@Tmax) | H28: ='V_1,1pu_DIG'!H28 -> 3985821.5 | I28: =Nm*(SQRT(IF(3/K_3^2*Ii^2*$B$3^2-(H28/Nm)^2<0.0000000001,0,3/K_3^2*Ii^2*$B$3^2-(H28/Nm)^2))+$B$3^2/K_3*K_4) -> 385282.48 | J28: =SQRT(3)*SQRT(($B$3/SQRT(3)*K_1+SQRT(H28^2+I28^2)/SQRT(3)/$B$3/Nm*I28/SQRT(H28^2+I28^2)*K_2)^2+(SQRT(H28^2+I28^2)/SQRT(3)/$B$3/Nm*H28/SQRT(H28^2+I28^2)*K_2)^2) -> 594.92694 | K28: =Nm*(SQRT(Vi^2*$B$3^2/K_2^2-(H28/Nm)^2)-$B$3^2*K_1/K_2) -> 2961608 | L28: =IF(ABS(I28)<ABS(K28),I28,K28) -> 385282.48 | M28: =H28/1000 -> 3985.8215 | N28: =I28/1000 -> 385.28248 | O28: =J28*1.43+10 -> 860.74552 | P28: =L28/1000 -> 385.28248 | Q28: =SQRT(M28^2+P28^2) -> 4004.3995 | R28: =M28/SQRT(M28^2+P28^2) -> 0.99536059
A29: P | B29: =Capability!B29 -> 2846 | C29: =IF(B29>D23,D23,B29) -> 2846 | H29: ='V_1,1pu_DIG'!H29 -> 4041180.1 | I29: =Nm*(SQRT(IF(3/K_3^2*Ii^2*$B$3^2-(H29/Nm)^2<0.0000000001,0,3/K_3^2*Ii^2*$B$3^2-(H29/Nm)^2))+$B$3^2/K_3*K_4) -> 385282.48 | J29: =SQRT(3)*SQRT(($B$3/SQRT(3)*K_1+SQRT(H29^2+I29^2)/SQRT(3)/$B$3/Nm*I29/SQRT(H29^2+I29^2)*K_2)^2+(SQRT(H29^2+I29^2)/SQRT(3)/$B$3/Nm*H29/SQRT(H29^2+I29^2)*K_2)^2) -> 595.21512 | K29: =Nm*(SQRT(Vi^2*$B$3^2/K_2^2-(H29/Nm)^2)-$B$3^2*K_1/K_2) -> 2952198.1 | L29: =IF(ABS(I29)<ABS(K29),I29,K29) -> 385282.48 | M29: =H29/1000 -> 4041.1801 | N29: =I29/1000 -> 385.28248 | O29: =J29*1.43+10 -> 861.15762 | P29: =L29/1000 -> 385.28248 | Q29: =SQRT(M29^2+P29^2) -> 4059.5048 | R29: =M29/SQRT(M29^2+P29^2) -> 0.99548598
B30: Q_ind_lim | C30: =Nm/1000*(-SQRT(3/K_3^2*Ii^2*B3^2-($C$29*1000/Nm)^2)+B3^2*K_4/K_3) -> -2092.2499 | H30: ='V_1,1pu_DIG'!H30 -> 4096538.8 | I30: =Nm*(SQRT(IF(3/K_3^2*Ii^2*$B$3^2-(H30/Nm)^2<0.0000000001,0,3/K_3^2*Ii^2*$B$3^2-(H30/Nm)^2))+$B$3^2/K_3*K_4) -> 385282.48 | J30: =SQRT(3)*SQRT(($B$3/SQRT(3)*K_1+SQRT(H30^2+I30^2)/SQRT(3)/$B$3/Nm*I30/SQRT(H30^2+I30^2)*K_2)^2+(SQRT(H30^2+I30^2)/SQRT(3)/$B$3/Nm*H30/SQRT(H30^2+I30^2)*K_2)^2) -> 595.50713 | K30: =Nm*(SQRT(Vi^2*$B$3^2/K_2^2-(H30/Nm)^2)-$B$3^2*K_1/K_2) -> 2942654.7 | L30: =IF(ABS(I30)<ABS(K30),I30,K30) -> 385282.48 | M30: =H30/1000 -> 4096.5388 | N30: =I30/1000 -> 385.28248 | O30: =J30*1.43+10 -> 861.5752 | P30: =L30/1000 -> 385.28248 | Q30: =SQRT(M30^2+P30^2) -> 4114.6169 | R30: =M30/SQRT(M30^2+P30^2) -> 0.99560636
B31: Q_cap_lim | C31: =IF(ABS( Nm/1000*(SQRT(3/K_3^2*Ii^2*B3^2-($C$29*1000/Nm)^2)+B3^2*K_4/K_3))<ABS(Nm/1000*(SQRT(Vi^2*B3^2/K_2^2-($C$29*1000/Nm)^2)-B3^2*K_1/K_2)),Nm/1000*(SQRT(3/K_3^2*Ii^2*B3^2-($C$29*1000/Nm)^2)+B3^2*K_4/K_3), Nm/1000*(SQRT(Vi^2*B3^2/K_2^2-($C$29*1000/Nm)^2)-B3^2*K_1/K_2)) -> 2862.8148 | H31: ='V_1,1pu_DIG'!H31 -> 4151897.4 | I31: =Nm*(SQRT(IF(3/K_3^2*Ii^2*$B$3^2-(H31/Nm)^2<0.0000000001,0,3/K_3^2*Ii^2*$B$3^2-(H31/Nm)^2))+$B$3^2/K_3*K_4) -> 385282.48 | J31: =SQRT(3)*SQRT(($B$3/SQRT(3)*K_1+SQRT(H31^2+I31^2)/SQRT(3)/$B$3/Nm*I31/SQRT(H31^2+I31^2)*K_2)^2+(SQRT(H31^2+I31^2)/SQRT(3)/$B$3/Nm*H31/SQRT(H31^2+I31^2)*K_2)^2) -> 595.80297 | K31: =Nm*(SQRT(Vi^2*$B$3^2/K_2^2-(H31/Nm)^2)-$B$3^2*K_1/K_2) -> 2932977.4 | L31: =IF(ABS(I31)<ABS(K31),I31,K31) -> 385282.48 | M31: =H31/1000 -> 4151.8974 | N31: =I31/1000 -> 385.28248 | O31: =J31*1.43+10 -> 861.99824 | P31: =L31/1000 -> 385.28248 | Q31: =SQRT(M31^2+P31^2) -> 4169.7356 | R31: =M31/SQRT(M31^2+P31^2) -> 0.99572199
A32: Q | B32: =Capability!B32 -> 0 | C32: =IF(B32<C30,C30,IF(B32>C31,C31,B32)) -> 0 | H32: ='V_1,1pu_DIG'!H32 -> 4207256 | I32: =Nm*(SQRT(IF(3/K_3^2*Ii^2*$B$3^2-(H32/Nm)^2<0.0000000001,0,3/K_3^2*Ii^2*$B$3^2-(H32/Nm)^2))+$B$3^2/K_3*K_4) -> 385282.48 | J32: =SQRT(3)*SQRT(($B$3/SQRT(3)*K_1+SQRT(H32^2+I32^2)/SQRT(3)/$B$3/Nm*I32/SQRT(H32^2+I32^2)*K_2)^2+(SQRT(H32^2+I32^2)/SQRT(3)/$B$3/Nm*H32/SQRT(H32^2+I32^2)*K_2)^2) -> 596.10263 | K32: =Nm*(SQRT(Vi^2*$B$3^2/K_2^2-(H32/Nm)^2)-$B$3^2*K_1/K_2) -> 2923166.2 | L32: =IF(ABS(I32)<ABS(K32),I32,K32) -> 385282.48 | M32: =H32/1000 -> 4207.256 | N32: =I32/1000 -> 385.28248 | O32: =J32*1.43+10 -> 862.42676 | P32: =L32/1000 -> 385.28248 | Q32: =SQRT(M32^2+P32^2) -> 4224.8605 | R32: =M32/SQRT(M32^2+P32^2) -> 0.99583313
A33: PF | B33: =C29/SQRT(C29^2+C32^2) -> 1 | C33: Io(P,Q) (A) | D33: =SQRT(C29^2+C32^2)/(SQRT(3)*B3)*1000 -> 2819.3872 | H33: ='V_1,1pu_DIG'!H33 -> 4262614.7 | I33: =Nm*(SQRT(IF(3/K_3^2*Ii^2*$B$3^2-(H33/Nm)^2<0.0000000001,0,3/K_3^2*Ii^2*$B$3^2-(H33/Nm)^2))+$B$3^2/K_3*K_4) -> 385282.48 | J33: =SQRT(3)*SQRT(($B$3/SQRT(3)*K_1+SQRT(H33^2+I33^2)/SQRT(3)/$B$3/Nm*I33/SQRT(H33^2+I33^2)*K_2)^2+(SQRT(H33^2+I33^2)/SQRT(3)/$B$3/Nm*H33/SQRT(H33^2+I33^2)*K_2)^2) -> 596.4061 | K33: =Nm*(SQRT(Vi^2*$B$3^2/K_2^2-(H33/Nm)^2)-$B$3^2*K_1/K_2) -> 2913220.9 | L33: =IF(ABS(I33)<ABS(K33),I33,K33) -> 385282.48 | M33: =H33/1000 -> 4262.6147 | N33: =I33/1000 -> 385.28248 | O33: =J33*1.43+10 -> 862.86073 | P33: =L33/1000 -> 385.28248 | Q33: =SQRT(M33^2+P33^2) -> 4279.9914 | R33: =M33/SQRT(M33^2+P33^2) -> 0.99594001
A34: Vdc_min(V) | B34: =Vdc_offset+Vac_to_Vdc*SQRT(3)*SQRT(K_1^2*B3^2/3+K_2^2/3*($C$29^2+$C$32^2)*1000^2/B3^2/Nm^2+2/3*K_1*K_2*$C$32*1000/Nm) -> 838.32543 | H34: ='V_1,1pu_DIG'!H34 -> 4317973.3 | I34: =Nm*(SQRT(IF(3/K_3^2*Ii^2*$B$3^2-(H34/Nm)^2<0.0000000001,0,3/K_3^2*Ii^2*$B$3^2-(H34/Nm)^2))+$B$3^2/K_3*K_4) -> 385282.48 | J34: =SQRT(3)*SQRT(($B$3/SQRT(3)*K_1+SQRT(H34^2+I34^2)/SQRT(3)/$B$3/Nm*I34/SQRT(H34^2+I34^2)*K_2)^2+(SQRT(H34^2+I34^2)/SQRT(3)/$B$3/Nm*H34/SQRT(H34^2+I34^2)*K_2)^2) -> 596.71339 | K34: =Nm*(SQRT(Vi^2*$B$3^2/K_2^2-(H34/Nm)^2)-$B$3^2*K_1/K_2) -> 2903141.3 | L34: =IF(ABS(I34)<ABS(K34),I34,K34) -> 385282.48 | M34: =H34/1000 -> 4317.9733 | N34: =I34/1000 -> 385.28248 | O34: =J34*1.43+10 -> 863.30014 | P34: =L34/1000 -> 385.28248 | Q34: =SQRT(M34^2+P34^2) -> 4335.1281 | R34: =M34/SQRT(M34^2+P34^2) -> 0.99604283
A35: Vac_max(V) | B35: =SQRT(3)*SQRT(K_1^2*B3^2/3+K_2^2/3*($C$29^2+$C$32^2)*1000^2/B3^2/Nm^2+2/3*K_1*K_2*$C$32*1000/Nm) -> 579.24855 | H35: ='V_1,1pu_DIG'!H35 -> 4373331.9 | I35: =Nm*(SQRT(IF(3/K_3^2*Ii^2*$B$3^2-(H35/Nm)^2<0.0000000001,0,3/K_3^2*Ii^2*$B$3^2-(H35/Nm)^2))+$B$3^2/K_3*K_4) -> 385282.48 | J35: =SQRT(3)*SQRT(($B$3/SQRT(3)*K_1+SQRT(H35^2+I35^2)/SQRT(3)/$B$3/Nm*I35/SQRT(H35^2+I35^2)*K_2)^2+(SQRT(H35^2+I35^2)/SQRT(3)/$B$3/Nm*H35/SQRT(H35^2+I35^2)*K_2)^2) -> 597.02447 | K35: =Nm*(SQRT(Vi^2*$B$3^2/K_2^2-(H35/Nm)^2)-$B$3^2*K_1/K_2) -> 2892927.3 | L35: =IF(ABS(I35)<ABS(K35),I35,K35) -> 385282.48 | M35: =H35/1000 -> 4373.3319 | N35: =I35/1000 -> 385.28248 | O35: =J35*1.43+10 -> 863.745 | P35: =L35/1000 -> 385.28248 | Q35: =SQRT(M35^2+P35^2) -> 4390.2705 | R35: =M35/SQRT(M35^2+P35^2) -> 0.9961418
H36: ='V_1,1pu_DIG'!H36 -> 4428690.6 | I36: =Nm*(SQRT(IF(3/K_3^2*Ii^2*$B$3^2-(H36/Nm)^2<0.0000000001,0,3/K_3^2*Ii^2*$B$3^2-(H36/Nm)^2))+$B$3^2/K_3*K_4) -> 385282.48 | J36: =SQRT(3)*SQRT(($B$3/SQRT(3)*K_1+SQRT(H36^2+I36^2)/SQRT(3)/$B$3/Nm*I36/SQRT(H36^2+I36^2)*K_2)^2+(SQRT(H36^2+I36^2)/SQRT(3)/$B$3/Nm*H36/SQRT(H36^2+I36^2)*K_2)^2) -> 597.33936 | K36: =Nm*(SQRT(Vi^2*$B$3^2/K_2^2-(H36/Nm)^2)-$B$3^2*K_1/K_2) -> 2882578.6 | L36: =IF(ABS(I36)<ABS(K36),I36,K36) -> 385282.48 | M36: =H36/1000 -> 4428.6906 | N36: =I36/1000 -> 385.28248 | O36: =J36*1.43+10 -> 864.19528 | P36: =L36/1000 -> 385.28248 | Q36: =SQRT(M36^2+P36^2) -> 4445.4182 | R36: =M36/SQRT(M36^2+P36^2) -> 0.99623711
H37: ='V_1,1pu_DIG'!H37 -> 4373331.9 | I37: =Nm*(-SQRT(IF(3/K_3^2*Ii^2*$B$3^2-(H37/Nm)^2<0.0000000001,0,3/K_3^2*Ii^2*$B$3^2-(H37/Nm)^2))+$B$3^2/K_3*K_4) -> 385282.48 | J37: =SQRT(3)*SQRT(($B$3/SQRT(3)*K_1+SQRT(H37^2+I37^2)/SQRT(3)/$B$3/Nm*I37/SQRT(H37^2+I37^2)*K_2)^2+(SQRT(H37^2+I37^2)/SQRT(3)/$B$3/Nm*H37/SQRT(H37^2+I37^2)*K_2)^2) -> 597.02447 | K37: =Nm*(-SQRT(Vi^2*$B$3^2/K_2^2-(H37/Nm)^2)-$B$3^2*K_1/K_2) -> -44202427 | L37: =IF(ABS(I37)<ABS(K37),I37,K37) -> 385282.48 | M37: =H37/1000 -> 4373.3319 | N37: =I37/1000 -> 385.28248 | O37: =J37*1.43+10 -> 863.745 | P37: =L37/1000 -> 385.28248 | Q37: =SQRT(M37^2+P37^2) -> 4390.2705 | R37: =M37/SQRT(M37^2+P37^2) -> 0.9961418
H38: ='V_1,1pu_DIG'!H38 -> 4317973.3 | I38: =Nm*(-SQRT(IF(3/K_3^2*Ii^2*$B$3^2-(H38/Nm)^2<0.0000000001,0,3/K_3^2*Ii^2*$B$3^2-(H38/Nm)^2))+$B$3^2/K_3*K_4) -> 385282.48 | J38: =SQRT(3)*SQRT(($B$3/SQRT(3)*K_1+SQRT(H38^2+I38^2)/SQRT(3)/$B$3/Nm*I38/SQRT(H38^2+I38^2)*K_2)^2+(SQRT(H38^2+I38^2)/SQRT(3)/$B$3/Nm*H38/SQRT(H38^2+I38^2)*K_2)^2) -> 596.71339 | K38: =Nm*(-SQRT(Vi^2*$B$3^2/K_2^2-(H38/Nm)^2)-$B$3^2*K_1/K_2) -> -44212641 | L38: =IF(ABS(I38)<ABS(K38),I38,K38) -> 385282.48 | M38: =H38/1000 -> 4317.9733 | N38: =I38/1000 -> 385.28248 | O38: =J38*1.43+10 -> 863.30014 | P38: =L38/1000 -> 385.28248 | Q38: =SQRT(M38^2+P38^2) -> 4335.1281 | R38: =M38/SQRT(M38^2+P38^2) -> 0.99604283
H39: ='V_1,1pu_DIG'!H39 -> 4262614.7 | I39: =Nm*(-SQRT(IF(3/K_3^2*Ii^2*$B$3^2-(H39/Nm)^2<0.0000000001,0,3/K_3^2*Ii^2*$B$3^2-(H39/Nm)^2))+$B$3^2/K_3*K_4) -> 385282.48 | J39: =SQRT(3)*SQRT(($B$3/SQRT(3)*K_1+SQRT(H39^2+I39^2)/SQRT(3)/$B$3/Nm*I39/SQRT(H39^2+I39^2)*K_2)^2+(SQRT(H39^2+I39^2)/SQRT(3)/$B$3/Nm*H39/SQRT(H39^2+I39^2)*K_2)^2) -> 596.4061 | K39: =Nm*(-SQRT(Vi^2*$B$3^2/K_2^2-(H39/Nm)^2)-$B$3^2*K_1/K_2) -> -44222721 | L39: =IF(ABS(I39)<ABS(K39),I39,K39) -> 385282.48 | M39: =H39/1000 -> 4262.6147 | N39: =I39/1000 -> 385.28248 | O39: =J39*1.43+10 -> 862.86073 | P39: =L39/1000 -> 385.28248 | Q39: =SQRT(M39^2+P39^2) -> 4279.9914 | R39: =M39/SQRT(M39^2+P39^2) -> 0.99594001
H40: ='V_1,1pu_DIG'!H40 -> 4207256 | I40: =Nm*(-SQRT(IF(3/K_3^2*Ii^2*$B$3^2-(H40/Nm)^2<0.0000000001,0,3/K_3^2*Ii^2*$B$3^2-(H40/Nm)^2))+$B$3^2/K_3*K_4) -> 385282.48 | J40: =SQRT(3)*SQRT(($B$3/SQRT(3)*K_1+SQRT(H40^2+I40^2)/SQRT(3)/$B$3/Nm*I40/SQRT(H40^2+I40^2)*K_2)^2+(SQRT(H40^2+I40^2)/SQRT(3)/$B$3/Nm*H40/SQRT(H40^2+I40^2)*K_2)^2) -> 596.10263 | K40: =Nm*(-SQRT(Vi^2*$B$3^2/K_2^2-(H40/Nm)^2)-$B$3^2*K_1/K_2) -> -44232666 | L40: =IF(ABS(I40)<ABS(K40),I40,K40) -> 385282.48 | M40: =H40/1000 -> 4207.256 | N40: =I40/1000 -> 385.28248 | O40: =J40*1.43+10 -> 862.42676 | P40: =L40/1000 -> 385.28248 | Q40: =SQRT(M40^2+P40^2) -> 4224.8605 | R40: =M40/SQRT(M40^2+P40^2) -> 0.99583313
H41: ='V_1,1pu_DIG'!H41 -> 4151897.4 | I41: =Nm*(-SQRT(IF(3/K_3^2*Ii^2*$B$3^2-(H41/Nm)^2<0.0000000001,0,3/K_3^2*Ii^2*$B$3^2-(H41/Nm)^2))+$B$3^2/K_3*K_4) -> 385282.48 | J41: =SQRT(3)*SQRT(($B$3/SQRT(3)*K_1+SQRT(H41^2+I41^2)/SQRT(3)/$B$3/Nm*I41/SQRT(H41^2+I41^2)*K_2)^2+(SQRT(H41^2+I41^2)/SQRT(3)/$B$3/Nm*H41/SQRT(H41^2+I41^2)*K_2)^2) -> 595.80297 | K41: =Nm*(-SQRT(Vi^2*$B$3^2/K_2^2-(H41/Nm)^2)-$B$3^2*K_1/K_2) -> -44242477 | L41: =IF(ABS(I41)<ABS(K41),I41,K41) -> 385282.48 | M41: =H41/1000 -> 4151.8974 | N41: =I41/1000 -> 385.28248 | O41: =J41*1.43+10 -> 861.99824 | P41: =L41/1000 -> 385.28248 | Q41: =SQRT(M41^2+P41^2) -> 4169.7356 | R41: =M41/SQRT(M41^2+P41^2) -> 0.99572199
H42: ='V_1,1pu_DIG'!H42 -> 4096538.8 | I42: =Nm*(-SQRT(IF(3/K_3^2*Ii^2*$B$3^2-(H42/Nm)^2<0.0000000001,0,3/K_3^2*Ii^2*$B$3^2-(H42/Nm)^2))+$B$3^2/K_3*K_4) -> 385282.48 | J42: =SQRT(3)*SQRT(($B$3/SQRT(3)*K_1+SQRT(H42^2+I42^2)/SQRT(3)/$B$3/Nm*I42/SQRT(H42^2+I42^2)*K_2)^2+(SQRT(H42^2+I42^2)/SQRT(3)/$B$3/Nm*H42/SQRT(H42^2+I42^2)*K_2)^2) -> 595.50713 | K42: =Nm*(-SQRT(Vi^2*$B$3^2/K_2^2-(H42/Nm)^2)-$B$3^2*K_1/K_2) -> -44252155 | L42: =IF(ABS(I42)<ABS(K42),I42,K42) -> 385282.48 | M42: =H42/1000 -> 4096.5388 | N42: =I42/1000 -> 385.28248 | O42: =J42*1.43+10 -> 861.5752 | P42: =L42/1000 -> 385.28248 | Q42: =SQRT(M42^2+P42^2) -> 4114.6169 | R42: =M42/SQRT(M42^2+P42^2) -> 0.99560636
H43: ='V_1,1pu_DIG'!H43 -> 4041180.1 | I43: =Nm*(-SQRT(IF(3/K_3^2*Ii^2*$B$3^2-(H43/Nm)^2<0.0000000001,0,3/K_3^2*Ii^2*$B$3^2-(H43/Nm)^2))+$B$3^2/K_3*K_4) -> 385282.48 | J43: =SQRT(3)*SQRT(($B$3/SQRT(3)*K_1+SQRT(H43^2+I43^2)/SQRT(3)/$B$3/Nm*I43/SQRT(H43^2+I43^2)*K_2)^2+(SQRT(H43^2+I43^2)/SQRT(3)/$B$3/Nm*H43/SQRT(H43^2+I43^2)*K_2)^2) -> 595.21512 | K43: =Nm*(-SQRT(Vi^2*$B$3^2/K_2^2-(H43/Nm)^2)-$B$3^2*K_1/K_2) -> -44261698 | L43: =IF(ABS(I43)<ABS(K43),I43,K43) -> 385282.48 | M43: =H43/1000 -> 4041.1801 | N43: =I43/1000 -> 385.28248 | O43: =J43*1.43+10 -> 861.15762 | P43: =L43/1000 -> 385.28248 | Q43: =SQRT(M43^2+P43^2) -> 4059.5048 | R43: =M43/SQRT(M43^2+P43^2) -> 0.99548598
H44: ='V_1,1pu_DIG'!H44 -> 3985821.5 | I44: =Nm*(-SQRT(IF(3/K_3^2*Ii^2*$B$3^2-(H44/Nm)^2<0.0000000001,0,3/K_3^2*Ii^2*$B$3^2-(H44/Nm)^2))+$B$3^2/K_3*K_4) -> 385282.48 | J44: =SQRT(3)*SQRT(($B$3/SQRT(3)*K_1+SQRT(H44^2+I44^2)/SQRT(3)/$B$3/Nm*I44/SQRT(H44^2+I44^2)*K_2)^2+(SQRT(H44^2+I44^2)/SQRT(3)/$B$3/Nm*H44/SQRT(H44^2+I44^2)*K_2)^2) -> 594.92694 | K44: =Nm*(-SQRT(Vi^2*$B$3^2/K_2^2-(H44/Nm)^2)-$B$3^2*K_1/K_2) -> -44271108 | L44: =IF(ABS(I44)<ABS(K44),I44,K44) -> 385282.48 | M44: =H44/1000 -> 3985.8215 | N44: =I44/1000 -> 385.28248 | O44: =J44*1.43+10 -> 860.74552 | P44: =L44/1000 -> 385.28248 | Q44: =SQRT(M44^2+P44^2) -> 4004.3995 | R44: =M44/SQRT(M44^2+P44^2) -> 0.99536059
H45: ='V_1,1pu_DIG'!H45 -> 3930462.9 | I45: =Nm*(-SQRT(IF(3/K_3^2*Ii^2*$B$3^2-(H45/Nm)^2<0.0000000001,0,3/K_3^2*Ii^2*$B$3^2-(H45/Nm)^2))+$B$3^2/K_3*K_4) -> 385282.48 | J45: =SQRT(3)*SQRT(($B$3/SQRT(3)*K_1+SQRT(H45^2+I45^2)/SQRT(3)/$B$3/Nm*I45/SQRT(H45^2+I45^2)*K_2)^2+(SQRT(H45^2+I45^2)/SQRT(3)/$B$3/Nm*H45/SQRT(H45^2+I45^2)*K_2)^2) -> 594.6426 | K45: =Nm*(-SQRT(Vi^2*$B$3^2/K_2^2-(H45/Nm)^2)-$B$3^2*K_1/K_2) -> -44280384 | L45: =IF(ABS(I45)<ABS(K45),I45,K45) -> 385282.48 | M45: =H45/1000 -> 3930.4629 | N45: =I45/1000 -> 385.28248 | O45: =J45*1.43+10 -> 860.33892 | P45: =L45/1000 -> 385.28248 | Q45: =SQRT(M45^2+P45^2) -> 3949.3013 | R45: =M45/SQRT(M45^2+P45^2) -> 0.99522993
H46: ='V_1,1pu_DIG'!H46 -> 3875104.2 | I46: =Nm*(-SQRT(IF(3/K_3^2*Ii^2*$B$3^2-(H46/Nm)^2<0.0000000001,0,3/K_3^2*Ii^2*$B$3^2-(H46/Nm)^2))+$B$3^2/K_3*K_4) -> 385282.48 | J46: =SQRT(3)*SQRT(($B$3/SQRT(3)*K_1+SQRT(H46^2+I46^2)/SQRT(3)/$B$3/Nm*I46/SQRT(H46^2+I46^2)*K_2)^2+(SQRT(H46^2+I46^2)/SQRT(3)/$B$3/Nm*H46/SQRT(H46^2+I46^2)*K_2)^2) -> 594.3621 | K46: =Nm*(-SQRT(Vi^2*$B$3^2/K_2^2-(H46/Nm)^2)-$B$3^2*K_1/K_2) -> -44289527 | L46: =IF(ABS(I46)<ABS(K46),I46,K46) -> 385282.48 | M46: =H46/1000 -> 3875.1042 | N46: =I46/1000 -> 385.28248 | O46: =J46*1.43+10 -> 859.93781 | P46: =L46/1000 -> 385.28248 | Q46: =SQRT(M46^2+P46^2) -> 3894.2105 | R46: =M46/SQRT(M46^2+P46^2) -> 0.99509367
H47: ='V_1,1pu_DIG'!H47 -> 3819745.6 | I47: =Nm*(-SQRT(IF(3/K_3^2*Ii^2*$B$3^2-(H47/Nm)^2<0.0000000001,0,3/K_3^2*Ii^2*$B$3^2-(H47/Nm)^2))+$B$3^2/K_3*K_4) -> 385282.48 | J47: =SQRT(3)*SQRT(($B$3/SQRT(3)*K_1+SQRT(H47^2+I47^2)/SQRT(3)/$B$3/Nm*I47/SQRT(H47^2+I47^2)*K_2)^2+(SQRT(H47^2+I47^2)/SQRT(3)/$B$3/Nm*H47/SQRT(H47^2+I47^2)*K_2)^2) -> 594.08545 | K47: =Nm*(-SQRT(Vi^2*$B$3^2/K_2^2-(H47/Nm)^2)-$B$3^2*K_1/K_2) -> -44298537 | L47: =IF(ABS(I47)<ABS(K47),I47,K47) -> 385282.48 | M47: =H47/1000 -> 3819.7456 | N47: =I47/1000 -> 385.28248 | O47: =J47*1.43+10 -> 859.5422 | P47: =L47/1000 -> 385.28248 | Q47: =SQRT(M47^2+P47^2) -> 3839.1274 | R47: =M47/SQRT(M47^2+P47^2) -> 0.99495151
H48: ='V_1,1pu_DIG'!H48 -> 3764387 | I48: =Nm*(-SQRT(IF(3/K_3^2*Ii^2*$B$3^2-(H48/Nm)^2<0.0000000001,0,3/K_3^2*Ii^2*$B$3^2-(H48/Nm)^2))+$B$3^2/K_3*K_4) -> 125911.62 | J48: =SQRT(3)*SQRT(($B$3/SQRT(3)*K_1+SQRT(H48^2+I48^2)/SQRT(3)/$B$3/Nm*I48/SQRT(H48^2+I48^2)*K_2)^2+(SQRT(H48^2+I48^2)/SQRT(3)/$B$3/Nm*H48/SQRT(H48^2+I48^2)*K_2)^2) -> 586.72087 | K48: =Nm*(-SQRT(Vi^2*$B$3^2/K_2^2-(H48/Nm)^2)-$B$3^2*K_1/K_2) -> -44307414 | L48: =IF(ABS(I48)<ABS(K48),I48,K48) -> 125911.62 | M48: =H48/1000 -> 3764.387 | N48: =I48/1000 -> 125.91162 | O48: =J48*1.43+10 -> 849.01084 | P48: =L48/1000 -> 125.91162 | Q48: =SQRT(M48^2+P48^2) -> 3766.4921 | R48: =M48/SQRT(M48^2+P48^2) -> 0.99944108
... H68: ='V_1,1pu_DIG'!H68 -> -5.2386895e-10 | I68: =Nm*(-SQRT(IF(3/K_3^2*Ii^2*$B$3^2-(H68/Nm)^2<0.0000000001,0,3/K_3^2*Ii^2*$B$3^2-(H68/Nm)^2))+$B$3^2/K_3*K_4) -> -3388029.4 | J68: =SQRT(3)*SQRT(($B$3/SQRT(3)*K_1+SQRT(H68^2+I68^2)/SQRT(3)/$B$3/Nm*I68/SQRT(H68^2+I68^2)*K_2)^2+(SQRT(H68^2+I68^2)/SQRT(3)/$B$3/Nm*H68/SQRT(H68^2+I68^2)*K_2)^2) -> 479.70119 | K68: =Nm*(-SQRT(Vi^2*$B$3^2/K_2^2-(H68/Nm)^2)-$B$3^2*K_1/K_2) -> -44605097 | L68: =IF(ABS(I68)<ABS(K68),I68,K68) -> -3388029.4 | M68: =H68/1000 -> -5.2386895e-13 | N68: =I68/1000 -> -3388.0294 | O68: =J68*1.43+10 -> 695.97271 | P68: =L68/1000 -> -3388.0294 | Q68: =SQRT(M68^2+P68^2) -> 3388.0294 | R68: =M68/SQRT(M68^2+P68^2) -> -1.5462349e-16

Sheet V_0,96pu_DIG
A1: Inverter Voltage | B1: =Capability!B1 -> 620 | H1: P (W) | I1: Q _Ii(VAr) | J1: Vi_need | K1: Q_Vdc (Var) | L1: Q(Var) | M1: P(kW) | N1: Q_Ii(kVAr) | O1: Vdc_min (V) | P1: Q(kVAr) | Q1: S(kVA) | R1: cos fi
A2: Voltage operation pu | B2: 0.96 | F2: P_manual (kW), Q>0 | G2: =Capability!G2 -> 3750 | H2: =G2*1000 -> 3750000 | I2: =Nm*(SQRT(IF(3/K_3^2*Ii^2*B3^2-(H2/Nm)^2<0.0000000001,0,3/K_3^2*Ii^2*B3^2-(H2/Nm)^2))+B3^2/K_3*K_4) -> 1289373.9 | J2: =SQRT(3)*SQRT((B3/SQRT(3)*K_1+SQRT(H2^2+I2^2)/SQRT(3)/B3/Nm*I2/SQRT(H2^2+I2^2)*K_2)^2+(SQRT(H2^2+I2^2)/SQRT(3)/B3/Nm*H2/SQRT(H2^2+I2^2)*K_2)^2) -> 629.4323 | K2: =Nm*(SQRT(Vi^2*B3^2/K_2^2-(H2/Nm)^2)-B3^2*K_1/K_2) -> 2627734.1 | L2: =IF(ABS(I2)<ABS(K2),I2,K2) -> 1289373.9 | M2: =H2/1000 -> 3750 | N2: =I2/1000 -> 1289.3739 | O2: =J2*1.43+10 -> 910.08819 | P2: =L2/1000 -> 1289.3739 | Q2: =SQRT(M2^2+P2^2) -> 3965.4741 | R2: =M2/SQRT(M2^2+P2^2) -> 0.94566245 | S2: Capacitive
A3: Line-Line Voltage (V) | B3: =$B$1*B2 -> 595.2 | F3: P_manual (kW), Q<0 | G3: =Capability!G3 -> 2846 | H3: =G3*1000 -> 2846000 | I3: =Nm*(-SQRT(IF(3/K_3^2*Ii^2*B3^2-(H3/Nm)^2<0.0000000001,0,3/K_3^2*Ii^2*B3^2-(H3/Nm)^2))+B3^2/K_3*K_4) -> -2196316.6 | J3: =SQRT(3)*SQRT((B3/SQRT(3)*K_1+SQRT(H3^2+I3^2)/SQRT(3)/B3/Nm*I3/SQRT(H3^2+I3^2)*K_2)^2+(SQRT(H3^2+I3^2)/SQRT(3)/B3/Nm*H3/SQRT(H3^2+I3^2)*K_2)^2) -> 531.9534 | K3: =Nm*(-SQRT(Vi^2*B3^2/K_2^2-(H3/Nm)^2)-B3^2*K_1/K_2) -> -45836820 | L3: =IF(ABS(I3)<ABS(K3),I3,K3) -> -2196316.6 | M3: =H3/1000 -> 2846 | N3: =I3/1000 -> -2196.3166 | O3: =J3*1.43+10 -> 770.69336 | P3: =L3/1000 -> -2196.3166 | Q3: =SQRT(M3^2+P3^2) -> 3594.9301 | R3: =M3/SQRT(M3^2+P3^2) -> 0.79167047 | S3: Inductive
A4: Nm: Number of modules | B4: =Nm -> 3 | H4: ='V_1,1pu_DIG'!H4 -> 0 | I4: =Nm*(SQRT(IF(3/K_3^2*Ii^2*$B$3^2-(H4/Nm)^2<0.0000000001,0,3/K_3^2*Ii^2*$B$3^2-(H4/Nm)^2))+$B$3^2/K_3*K_4) -> 4255447 | J4: =SQRT(3)*SQRT(($B$3/SQRT(3)*K_1+SQRT(H4^2+I4^2)/SQRT(3)/$B$3/Nm*I4/SQRT(H4^2+I4^2)*K_2)^2+(SQRT(H4^2+I4^2)/SQRT(3)/$B$3/Nm*H4/SQRT(H4^2+I4^2)*K_2)^2) -> 701.79708 | K4: =Nm*(SQRT(Vi^2*$B$3^2/K_2^2-(H4/Nm)^2)-$B$3^2*K_1/K_2) -> 2916903.4 | L4: =IF(ABS(I4)<ABS(K4),I4,K4) -> 2916903.4 | M4: =H4/1000 -> 0 | N4: =I4/1000 -> 4255.447 | O4: =J4*1.43+10 -> 1013.5698 | P4: =L4/1000 -> 2916.9034 | Q4: =SQRT(M4^2+P4^2) -> 2916.9034 | R4: =M4/SQRT(M4^2+P4^2) -> 0
A5: f(Hz) | B5: =Capability!B5 -> 50 | C5: wg(Hz) | D5: =2*PI()*B5 -> 314.15927 | H5: ='V_1,1pu_DIG'!H5 -> 221434.53 | I5: =Nm*(SQRT(IF(3/K_3^2*Ii^2*$B$3^2-(H5/Nm)^2<0.0000000001,0,3/K_3^2*Ii^2*$B$3^2-(H5/Nm)^2))+$B$3^2/K_3*K_4) -> 4249079.7 | J5: =SQRT(3)*SQRT(($B$3/SQRT(3)*K_1+SQRT(H5^2+I5^2)/SQRT(3)/$B$3/Nm*I5/SQRT(H5^2+I5^2)*K_2)^2+(SQRT(H5^2+I5^2)/SQRT(3)/$B$3/Nm*H5/SQRT(H5^2+I5^2)*K_2)^2) -> 701.64973 | K5: =Nm*(SQRT(Vi^2*$B$3^2/K_2^2-(H5/Nm)^2)-$B$3^2*K_1/K_2) -> 2915901.1 | L5: =IF(ABS(I5)<ABS(K5),I5,K5) -> 2915901.1 | M5: =H5/1000 -> 221.43453 | N5: =I5/1000 -> 4249.0797 | O5: =J5*1.43+10 -> 1013.3591 | P5: =L5/1000 -> 2915.9011 | Q5: =SQRT(M5^2+P5^2) -> 2924.2969 | R5: =M5/SQRT(M5^2+P5^2) -> 0.075722315
A6: Height (m) | B6: =Capability!B6 -> 2700 | H6: ='V_1,1pu_DIG'!H6 -> 442869.06 | I6: =Nm*(SQRT(IF(3/K_3^2*Ii^2*$B$3^2-(H6/Nm)^2<0.0000000001,0,3/K_3^2*Ii^2*$B$3^2-(H6/Nm)^2))+$B$3^2/K_3*K_4) -> 4229914.4 | J6: =SQRT(3)*SQRT(($B$3/SQRT(3)*K_1+SQRT(H6^2+I6^2)/SQRT(3)/$B$3/Nm*I6/SQRT(H6^2+I6^2)*K_2)^2+(SQRT(H6^2+I6^2)/SQRT(3)/$B$3/Nm*H6/SQRT(H6^2+I6^2)*K_2)^2) -> 701.20602 | K6: =Nm*(SQRT(Vi^2*$B$3^2/K_2^2-(H6/Nm)^2)-$B$3^2*K_1/K_2) -> 2912893.8 | L6: =IF(ABS(I6)<ABS(K6),I6,K6) -> 2912893.8 | M6: =H6/1000 -> 442.86906 | N6: =I6/1000 -> 4229.9144 | O6: =J6*1.43+10 -> 1012.7246 | P6: =L6/1000 -> 2912.8938 | Q6: =SQRT(M6^2+P6^2) -> 2946.3678 | R6: =M6/SQRT(M6^2+P6^2) -> 0.15031017
A7: Temperature Max (ºC) ( TM) | B7: =Capability!B7 -> 33 | C7: TM_H_corrected(ºC) | D7: =B7+aux!C6 -> 44.25 | H7: ='V_1,1pu_DIG'!H7 -> 664303.59 | I7: =Nm*(SQRT(IF(3/K_3^2*Ii^2*$B$3^2-(H7/Nm)^2<0.0000000001,0,3/K_3^2*Ii^2*$B$3^2-(H7/Nm)^2))+$B$3^2/K_3*K_4) -> 4197757.1 | J7: =SQRT(3)*SQRT(($B$3/SQRT(3)*K_1+SQRT(H7^2+I7^2)/SQRT(3)/$B$3/Nm*I7/SQRT(H7^2+I7^2)*K_2)^2+(SQRT(H7^2+I7^2)/SQRT(3)/$B$3/Nm*H7/SQRT(H7^2+I7^2)*K_2)^2) -> 700.46088 | K7: =Nm*(SQRT(Vi^2*$B$3^2/K_2^2-(H7/Nm)^2)-$B$3^2*K_1/K_2) -> 2907880.9 | L7: =IF(ABS(I7)<ABS(K7),I7,K7) -> 2907880.9 | M7: =H7/1000 -> 664.30359 | N7: =I7/1000 -> 4197.7571 | O7: =J7*1.43+10 -> 1011.6591 | P7: =L7/1000 -> 2907.8809 | Q7: =SQRT(M7^2+P7^2) -> 2982.7957 | R7: =M7/SQRT(M7^2+P7^2) -> 0.22271173
A8: Vdc_min (Tmax) | B8: =Capability!B8 -> 951.5 | C8: Vdc_min(sat) | D8: =IF(B8>1250,1250,IF(B8<B3*1.43,B3*1.43,B8)) -> 951.5 | H8: ='V_1,1pu_DIG'!H8 -> 885738.11 | I8: =Nm*(SQRT(IF(3/K_3^2*Ii^2*$B$3^2-(H8/Nm)^2<0.0000000001,0,3/K_3^2*Ii^2*$B$3^2-(H8/Nm)^2))+$B$3^2/K_3*K_4) -> 4152273.7 | J8: =SQRT(3)*SQRT(($B$3/SQRT(3)*K_1+SQRT(H8^2+I8^2)/SQRT(3)/$B$3/Nm*I8/SQRT(H8^2+I8^2)*K_2)^2+(SQRT(H8^2+I8^2)/SQRT(3)/$B$3/Nm*H8/SQRT(H8^2+I8^2)*K_2)^2) -> 699.40561 | K8: =Nm*(SQRT(Vi^2*$B$3^2/K_2^2-(H8/Nm)^2)-$B$3^2*K_1/K_2) -> 2900861 | L8: =IF(ABS(I8)<ABS(K8),I8,K8) -> 2900861 | M8: =H8/1000 -> 885.73811 | N8: =I8/1000 -> 4152.2737 | O8: =J8*1.43+10 -> 1010.15 | P8: =L8/1000 -> 2900.861 | Q8: =SQRT(M8^2+P8^2) -> 3033.0722 | R8: =M8/SQRT(M8^2+P8^2) -> 0.29202672
A9: TM_derating | B9: =IF(B25=1,IF(D7>aux!B12,(D7-aux!B12)/(aux!B13-aux!B12)*(aux!C13-aux!C12)+aux!C12,IF(D7>aux!B11,(D7-aux!B11)/(aux!B12-aux!B11)*(aux!C12-aux!C11)+aux!C11,aux!C10)),1) -> 1.0445397 | H9: ='V_1,1pu_DIG'!H9 -> 1107172.6 | I9: =Nm*(SQRT(IF(3/K_3^2*Ii^2*$B$3^2-(H9/Nm)^2<0.0000000001,0,3/K_3^2*Ii^2*$B$3^2-(H9/Nm)^2))+$B$3^2/K_3*K_4) -> 4092971.5 | J9: =SQRT(3)*SQRT(($B$3/SQRT(3)*K_1+SQRT(H9^2+I9^2)/SQRT(3)/$B$3/Nm*I9/SQRT(H9^2+I9^2)*K_2)^2+(SQRT(H9^2+I9^2)/SQRT(3)/$B$3/Nm*H9/SQRT(H9^2+I9^2)*K_2)^2) -> 698.02733 | K9: =Nm*(SQRT(Vi^2*$B$3^2/K_2^2-(H9/Nm)^2)-$B$3^2*K_1/K_2) -> 2891832.6 | L9: =IF(ABS(I9)<ABS(K9),I9,K9) -> 2891832.6 | M9: =H9/1000 -> 1107.1726 | N9: =I9/1000 -> 4092.9715 | O9: =J9*1.43+10 -> 1008.1791 | P9: =L9/1000 -> 2891.8326 | Q9: =SQRT(M9^2+P9^2) -> 3096.5347 | R9: =M9/SQRT(M9^2+P9^2) -> 0.35755215
A10: Vdc_min derating | B10: =IF(B25=1,IF(D8>aux!B20,0,IF(D8>aux!B19,(D8-aux!B19)*(aux!C19-aux!C20)/(aux!B19-aux!B20)+aux!C19,IF(D8>aux!B18,(aux!C18-aux!C19)/(aux!B18-aux!B19)*(D8-aux!B18)+aux!C18,IF(D8>aux!B17,(aux!C17-aux!C18)/(aux!B17-aux!B18)*(D8-aux!B17)+aux!C17,aux!C17)))),1) -> 1.14925 | H10: ='V_1,1pu_DIG'!H10 -> 1328607.2 | I10: =Nm*(SQRT(IF(3/K_3^2*Ii^2*$B$3^2-(H10/Nm)^2<0.0000000001,0,3/K_3^2*Ii^2*$B$3^2-(H10/Nm)^2))+$B$3^2/K_3*K_4) -> 4019171.1 | J10: =SQRT(3)*SQRT(($B$3/SQRT(3)*K_1+SQRT(H10^2+I10^2)/SQRT(3)/$B$3/Nm*I10/SQRT(H10^2+I10^2)*K_2)^2+(SQRT(H10^2+I10^2)/SQRT(3)/$B$3/Nm*H10/SQRT(H10^2+I10^2)*K_2)^2) -> 696.30828 | K10: =Nm*(SQRT(Vi^2*$B$3^2/K_2^2-(H10/Nm)^2)-$B$3^2*K_1/K_2) -> 2880793.3 | L10: =IF(ABS(I10)<ABS(K10),I10,K10) -> 2880793.3 | M10: =H10/1000 -> 1328.6072 | N10: =I10/1000 -> 4019.1711 | O10: =J10*1.43+10 -> 1005.7208 | P10: =L10/1000 -> 2880.7933 | Q10: =SQRT(M10^2+P10^2) -> 3172.4071 | R10: =M10/SQRT(M10^2+P10^2) -> 0.41880097
A11: Total derating@ TM | B11: =B9*B10 -> 1.2004372 | H11: ='V_1,1pu_DIG'!H11 -> 1550041.7 | I11: =Nm*(SQRT(IF(3/K_3^2*Ii^2*$B$3^2-(H11/Nm)^2<0.0000000001,0,3/K_3^2*Ii^2*$B$3^2-(H11/Nm)^2))+$B$3^2/K_3*K_4) -> 3929962.7 | J11: =SQRT(3)*SQRT(($B$3/SQRT(3)*K_1+SQRT(H11^2+I11^2)/SQRT(3)/$B$3/Nm*I11/SQRT(H11^2+I11^2)*K_2)^2+(SQRT(H11^2+I11^2)/SQRT(3)/$B$3/Nm*H11/SQRT(H11^2+I11^2)*K_2)^2) -> 694.22464 | K11: =Nm*(SQRT(Vi^2*$B$3^2/K_2^2-(H11/Nm)^2)-$B$3^2*K_1/K_2) -> 2867740.4 | L11: =IF(ABS(I11)<ABS(K11),I11,K11) -> 2867740.4 | M11: =H11/1000 -> 1550.0417 | N11: =I11/1000 -> 3929.9627 | O11: =J11*1.43+10 -> 1002.7412 | P11: =L11/1000 -> 2867.7404 | Q11: =SQRT(M11^2+P11^2) -> 3259.8411 | R11: =M11/SQRT(M11^2+P11^2) -> 0.47549608
A12: Temperature Min (ºC) ( Tm) | B12: =Capability!B12 -> -5 | C12: Tm_H_corrected(ºC) | D12: =B12+aux!C6 -> 6.25 | H12: ='V_1,1pu_DIG'!H12 -> 1771476.2 | I12: =Nm*(SQRT(IF(3/K_3^2*Ii^2*$B$3^2-(H12/Nm)^2<0.0000000001,0,3/K_3^2*Ii^2*$B$3^2-(H12/Nm)^2))+$B$3^2/K_3*K_4) -> 3824141.7 | J12: =SQRT(3)*SQRT(($B$3/SQRT(3)*K_1+SQRT(H12^2+I12^2)/SQRT(3)/$B$3/Nm*I12/SQRT(H12^2+I12^2)*K_2)^2+(SQRT(H12^2+I12^2)/SQRT(3)/$B$3/Nm*H12/SQRT(H12^2+I12^2)*K_2)^2) -> 691.74484 | K12: =Nm*(SQRT(Vi^2*$B$3^2/K_2^2-(H12/Nm)^2)-$B$3^2*K_1/K_2) -> 2852670.7 | L12: =IF(ABS(I12)<ABS(K12),I12,K12) -> 2852670.7 | M12: =H12/1000 -> 1771.4762 | N12: =I12/1000 -> 3824.1417 | O12: =J12*1.43+10 -> 999.19512 | P12: =L12/1000 -> 2852.6707 | Q12: =SQRT(M12^2+P12^2) -> 3357.9545 | R12: =M12/SQRT(M12^2+P12^2) -> 0.52754623
A13: Vdc_max (Tmin) | B13: =Capability!B13 -> 1130 | C13: Vdc_max(sat) | D13: =IF(B13>1250,1250,IF(B13<B3*1.43,B3*1.43,B13)) -> 1130 | H13: ='V_1,1pu_DIG'!H13 -> 1992910.8 | I13: =Nm*(SQRT(IF(3/K_3^2*Ii^2*$B$3^2-(H13/Nm)^2<0.0000000001,0,3/K_3^2*Ii^2*$B$3^2-(H13/Nm)^2))+$B$3^2/K_3*K_4) -> 3700109.3 | J13: =SQRT(3)*SQRT(($B$3/SQRT(3)*K_1+SQRT(H13^2+I13^2)/SQRT(3)/$B$3/Nm*I13/SQRT(H13^2+I13^2)*K_2)^2+(SQRT(H13^2+I13^2)/SQRT(3)/$B$3/Nm*H13/SQRT(H13^2+I13^2)*K_2)^2) -> 688.82691 | K13: =Nm*(SQRT(Vi^2*$B$3^2/K_2^2-(H13/Nm)^2)-$B$3^2*K_1/K_2) -> 2835580.4 | L13: =IF(ABS(I13)<ABS(K13),I13,K13) -> 2835580.4 | M13: =H13/1000 -> 1992.9108 | N13: =I13/1000 -> 3700.1093 | O13: =J13*1.43+10 -> 995.02248 | P13: =L13/1000 -> 2835.5804 | Q13: =SQRT(M13^2+P13^2) -> 3465.8635 | R13: =M13/SQRT(M13^2+P13^2) -> 0.57501132
A14: Tm_derating | B14: =IF(B25=1,IF(D12>aux!B12,(D12-aux!B12)/(aux!B13-aux!B12)*(aux!C13-aux!C12)+aux!C12,IF(D12>aux!B11,(D12-aux!B11)/(aux!B12-aux!B11)*(aux!C12-aux!C11)+aux!C11,aux!C10)),1) -> 1.1161905 | H14: ='V_1,1pu_DIG'!H14 -> 2214345.3 | I14: =Nm*(SQRT(IF(3/K_3^2*Ii^2*$B$3^2-(H14/Nm)^2<0.0000000001,0,3/K_3^2*Ii^2*$B$3^2-(H14/Nm)^2))+$B$3^2/K_3*K_4) -> 3555717.8 | J14: =SQRT(3)*SQRT(($B$3/SQRT(3)*K_1+SQRT(H14^2+I14^2)/SQRT(3)/$B$3/Nm*I14/SQRT(H14^2+I14^2)*K_2)^2+(SQRT(H14^2+I14^2)/SQRT(3)/$B$3/Nm*H14/SQRT(H14^2+I14^2)*K_2)^2) -> 685.41438 | K14: =Nm*(SQRT(Vi^2*$B$3^2/K_2^2-(H14/Nm)^2)-$B$3^2*K_1/K_2) -> 2816465.4 | L14: =IF(ABS(I14)<ABS(K14),I14,K14) -> 2816465.4 | M14: =H14/1000 -> 2214.3453 | N14: =I14/1000 -> 3555.7178 | O14: =J14*1.43+10 -> 990.14256 | P14: =L14/1000 -> 2816.4654 | Q14: =SQRT(M14^2+P14^2) -> 3582.7088 | R14: =M14/SQRT(M14^2+P14^2) -> 0.61806455
A15: Vdc_derating(V) | B15: =IF(B25=1,IF(B13>aux!B20,0,IF(B13>aux!B19,(B13-aux!B19)*(aux!C19-aux!C20)/(aux!B19-aux!B20)+aux!C19,IF(B13>aux!B18,(aux!C18-aux!C19)/(aux!B18-aux!B19)*(B13-aux!B18)+aux!C18,IF(B13>aux!B17,(aux!C17-aux!C18)/(aux!B17-aux!B18)*(B13-aux!B17)+aux!C17,aux!C17)))),1) -> 1.06 | H15: ='V_1,1pu_DIG'!H15 -> 2435779.8 | I15: =Nm*(SQRT(IF(3/K_3^2*Ii^2*$B$3^2-(H15/Nm)^2<0.0000000001,0,3/K_3^2*Ii^2*$B$3^2-(H15/Nm)^2))+$B$3^2/K_3*K_4) -> 3388015.3 | J15: =SQRT(3)*SQRT(($B$3/SQRT(3)*K_1+SQRT(H15^2+I15^2)/SQRT(3)/$B$3/Nm*I15/SQRT(H15^2+I15^2)*K_2)^2+(SQRT(H15^2+I15^2)/SQRT(3)/$B$3/Nm*H15/SQRT(H15^2+I15^2)*K_2)^2) -> 681.42946 | K15: =Nm*(SQRT(Vi^2*$B$3^2/K_2^2-(H15/Nm)^2)-$B$3^2*K_1/K_2) -> 2795320.7 | L15: =IF(ABS(I15)<ABS(K15),I15,K15) -> 2795320.7 | M15: =H15/1000 -> 2435.7798 | N15: =I15/1000 -> 3388.0153 | O15: =J15*1.43+10 -> 984.44413 | P15: =L15/1000 -> 2795.3207 | Q15: =SQRT(M15^2+P15^2) -> 3707.6733 | R15: =M15/SQRT(M15^2+P15^2) -> 0.65695643
A16: Total derating@ Tm | B16: =B14*B15 -> 1.1831619 | H16: ='V_1,1pu_DIG'!H16 -> 2657214.3 | I16: =Nm*(SQRT(IF(3/K_3^2*Ii^2*$B$3^2-(H16/Nm)^2<0.0000000001,0,3/K_3^2*Ii^2*$B$3^2-(H16/Nm)^2))+$B$3^2/K_3*K_4) -> 3192802.9 | J16: =SQRT(3)*SQRT(($B$3/SQRT(3)*K_1+SQRT(H16^2+I16^2)/SQRT(3)/$B$3/Nm*I16/SQRT(H16^2+I16^2)*K_2)^2+(SQRT(H16^2+I16^2)/SQRT(3)/$B$3/Nm*H16/SQRT(H16^2+I16^2)*K_2)^2) -> 676.76131 | K16: =Nm*(SQRT(Vi^2*$B$3^2/K_2^2-(H16/Nm)^2)-$B$3^2*K_1/K_2) -> 2772141.2 | L16: =IF(ABS(I16)<ABS(K16),I16,K16) -> 2772141.2 | M16: =H16/1000 -> 2657.2143 | N16: =I16/1000 -> 3192.8029 | O16: =J16*1.43+10 -> 977.76867 | P16: =L16/1000 -> 2772.1412 | Q16: =SQRT(M16^2+P16^2) -> 3839.9942 | R16: =M16/SQRT(M16^2+P16^2) -> 0.69198396
